player,position,1,2,3,4,5,6,7,8,9
A.J. Brown,WR,Healthy,Healthy,Chest,,,,,,
A.J. Derby,TE,Undisclosed,Healthy,Shoulder,Foot,Healthy,,,,
A.J. McCarron,QB,Healthy,Healthy,Healthy,Healthy,Healthy,Healthy,Healthy,Knee,
AJ Dillon,RB,Healthy,Healthy,,,,,,,
Aaron Burbridge,WR,Healthy,Hamstring,Hamstring,Healthy,,,,,
Aaron Dobson,WR,Healthy,Hamstring,Ankle,Healthy,Hamstring,,,,
Aaron Jones,RB,Healthy,Knee,Healthy,Healthy,Healthy,,,,
Aaron Mellette,WR,Knee,Healthy,,,,,,,
Aaron Murray,QB,Healthy,Healthy,Healthy,Healthy,,,,,
Aaron Ripkowski,RB,Healthy,Healthy,Healthy,Healthy,Healthy,,,,
Ace Sanders,WR,Healthy,Healthy,Healthy,,,,,,
Adam Shaheen,TE,Healthy,Ankle,Foot,Healthy,Healthy,,,,
Adam Trautman,TE,Healthy,Knee,,,,,,,
Alan Bonner,WR,Hamstring,Foot,Healthy,,,,,,
Albert Okwuegbunam,TE,Knee,Hamstring,,,,,,,
Alex Armah,RB,Healthy,Healthy,Healthy,Healthy,Healthy,,,,
Alex Collins,RB,Healthy,Healthy,Foot,Healthy,Healthy,Healthy,,,
Alex McGough,QB,Healthy,Healthy,Healthy,Healthy,,,,,
Alexander Mattison,RB,Healthy,Healthy,Healthy,,,,,,
Alfred Blue,RB,Healthy,Healthy,Healthy,Healthy,Healthy,Ankle,,,
Alizé Mack,TE,Healthy,Healthy,Healthy,,,,,,
Allen Robinson,WR,Foot,Healthy,Healthy,Knee,Healthy,Healthy,Healthy,Healthy,
Alvin Kamara,RB,Healthy,Healthy,Healthy,Healthy,Healthy,,,,
Amara Darboh,WR,Healthy,Hip,Healthy,Healthy,Healthy,,,,
Amari Cooper,WR,Healthy,Healthy,Healthy,Healthy,Healthy,Healthy,Healthy,,
Amari Rodgers,WR,Healthy,,,,,,,,
Ameer Abdullah,RB,Healthy,Foot,Healthy,Healthy,Healthy,Healthy,Healthy,,
Amon-Ra St. Brown,WR,Healthy,,,,,,,,
Andre Debose,WR,Achilles,Undisclosed,,,,,,,
Andre Ellington,RB,Healthy,Hernia,Healthy,Healthy,Healthy,Healthy,Healthy,,
Andre Williams,RB,Healthy,Healthy,Healthy,Wrist,Healthy,Healthy,Healthy,Healthy,
Andy Isabella,WR,Healthy,Healthy,Healthy,,,,,,
Andy Janovich,RB,Ankle,Healthy,Healthy,Elbow,Healthy,Hamstring,,,
Anthony McFarland,RB,Healthy,Undisclosed,,,,,,,
Anthony Miller,WR,Healthy,Healthy,Healthy,Healthy,,,,,
Anthony Schwartz,WR,Healthy,,,,,,,,
Antonio Callaway,WR,Healthy,Healthy,,Knee,,,,,
Antonio Gandy-Golden,WR,Hamstring,Healthy,,,,,,,
Antonio Gibson,RB,Healthy,Healthy,,,,,,,
ArDarius Stewart,WR,Healthy,Healthy,Healthy,Healthy,Healthy,,,,
Arthur Lynch,TE,Back,Healthy,Healthy,,,,,,
Auden Tate,WR,Healthy,Knee,Shoulder,Calf,,,,,
Austin Hooper,TE,Healthy,Healthy,Healthy,Healthy,Healthy,Healthy,,,
Austin Proehl,WR,Healthy,Healthy,Healthy,Healthy,,,,,
Austin Seferian-Jenkins,TE,Back,Healthy,Healthy,Healthy,Abdomen,Healthy,,,
Avery Williams,RB,Healthy,,,,,,,,
B.J. Daniels,QB,Healthy,Healthy,Healthy,Healthy,Healthy,Healthy,,,
Baker Mayfield,QB,Healthy,Healthy,Healthy,Healthy,,,,,
Beau Sandland,TE,Healthy,Knee,Healthy,,,,,,
Ben DiNucci,QB,Healthy,Healthy,,,,,,,
Ben Koyack,TE,Healthy,Healthy,Healthy,Undisclosed,Healthy,Healthy,Healthy,,
Ben Mason,TE,Healthy,,,,,,,,
Benjamin Snell,RB,Healthy,Healthy,Healthy,,,,,,
Bennett Skowronek,WR,Healthy,,,,,,,,
Bishop Sankey,RB,Healthy,Healthy,Healthy,Knee,Healthy,Healthy,Healthy,Healthy,
Blake Bell,TE,Healthy,Shoulder,Shoulder,Healthy,Healthy,Healthy,Healthy,,
Blake Bortles,QB,Healthy,Healthy,Healthy,Healthy,Healthy,Healthy,Healthy,Healthy,
Bo Scarbrough,RB,Healthy,Healthy,Undisclosed,Healthy,,,,,
Boston Scott,RB,Healthy,Healthy,Healthy,Healthy,,,,,
Brad Kaaya,QB,Healthy,Back,Healthy,Healthy,Healthy,,,,
Brad Sorensen,QB,Healthy,Healthy,Healthy,Healthy,,,,,
Braden Wilson,RB,Healthy,,,,,,,,
Brandin Cooks,WR,Thumb,Healthy,Healthy,Healthy,Healthy,Healthy,Healthy,Healthy,
Brandon Aiyuk,WR,Healthy,Healthy,,,,,,,
Brandon Allen,QB,Healthy,Back,Healthy,Healthy,Healthy,Healthy,,,
Brandon Doughty,QB,Healthy,Healthy,Healthy,,,,,,
Braxton Berrios,WR,Undisclosed,Healthy,Healthy,Healthy,,,,,
Braxton Miller,WR,Shoulder,Healthy,Healthy,Healthy,,,,,
Breshad Perriman,WR,Knee,Healthy,Healthy,Healthy,Healthy,Healthy,Healthy,,
Brett Hundley,QB,Healthy,Healthy,Healthy,Healthy,Healthy,Healthy,Healthy,,
Brevin Jordan,TE,Healthy,,,,,,,,
Brian Hill,RB,Healthy,Healthy,Healthy,Healthy,Undisclosed,,,,
Brice Butler,WR,Healthy,Healthy,Healthy,Healthy,Healthy,Healthy,Healthy,,
Bruce Ellington,WR,Healthy,Healthy,Hamstring,Hamstring,Hamstring,Healthy,,,
Bryan Edwards,WR,Healthy,Healthy,,,,,,,
Bryce Love,RB,Healthy,Knee,Healthy,,,,,,
Bryce Petty,QB,Healthy,Shoulder,Healthy,Oblique,,,,,
Brycen Hopkins,TE,Healthy,Healthy,,,,,,,
Bucky Hodges,TE,Concussion,Healthy,Undisclosed,Healthy,Healthy,,,,
Bud Sasser,WR,Healthy,,,,,,,,
C.J. Beathard,QB,Healthy,Healthy,Healthy,Healthy,Healthy,,,,
C.J. Fiedorowicz,TE,Healthy,Healthy,Healthy,Concussion,Healthy,Healthy,Healthy,Healthy,
C.J. Prosise,RB,Healthy,Ankle,Abdomen,Arm,Healthy,Healthy,,,
C.J. Uzomah,TE,Healthy,Healthy,Healthy,Healthy,Healthy,Achilles,Healthy,,
Caleb Wilson,TE,Healthy,Healthy,Healthy,,,,,,
Calvin Ridley,WR,Healthy,Abdomen,Healthy,Healthy,,,,,
Cam Akers,RB,Healthy,Healthy,,,,,,,
Cameron Artis-Payne,RB,Healthy,Healthy,Healthy,Healthy,Healthy,Healthy,Healthy,,
Cardale Jones,QB,Healthy,Healthy,Healthy,Healthy,Healthy,Healthy,,,
Carlos Henderson,WR,Thumb,Healthy,Healthy,Healthy,Healthy,,,,
Carlos Hyde,RB,Healthy,Foot,Knee,Healthy,Healthy,Healthy,Healthy,Concussion,
Carson Wentz,QB,Healthy,Knee,Healthy,Healthy,Healthy,Healthy,,,
Cedrick Wilson,WR,Shoulder,Knee,Healthy,Healthy,,,,,
CeeDee Lamb,WR,Healthy,Healthy,,,,,,,
Chad Hansen,WR,Healthy,Healthy,Healthy,Healthy,Healthy,,,,
Chad Kelly,QB,Healthy,Healthy,Healthy,Healthy,Healthy,,,,
Chad Williams,WR,Healthy,Healthy,Healthy,Undisclosed,Hamstring,,,,
Chandler Cox,RB,Healthy,Healthy,Healthy,,,,,,
Charles Johnson,WR,Healthy,Healthy,Healthy,Healthy,Knee,Healthy,Ankle,,
Charles Sims,RB,Designated for Return,Healthy,Knee,Healthy,Knee,,,,
Charlie Woerner,TE,Healthy,Healthy,,,,,,,
Charone Peake,WR,Healthy,Ankle,Healthy,Healthy,Healthy,Healthy,,,
Chase Claypool,WR,Healthy,Healthy,,,,,,,
Chase Edmonds,RB,Healthy,Healthy,Healthy,Ankle,,,,,
Chatarius Atwell,WR,Shoulder,,,,,,,,
Chris Carson,RB,Leg,Healthy,Hip,Healthy,Neck,,,,
Chris Conley,WR,Healthy,Healthy,Achilles,Healthy,Healthy,Healthy,Healthy,,
Chris Evans,RB,Healthy,,,,,,,,
Chris Godwin,WR,Healthy,Healthy,Healthy,Healthy,Knee,,,,
Chris Gragg,TE,Healthy,Healthy,Healthy,Knee,Ankle,Healthy,Healthy,Healthy,
Chris Harper,WR,Healthy,Healthy,Undisclosed,,,,,,
Chris Herndon IV,TE,Healthy,Ribs,Healthy,Healthy,,,,,
Chris Moore,WR,Healthy,Healthy,Healthy,Healthy,Thigh,Healthy,,,
Chris Thompson,RB,Shoulder,Healthy,Healthy,Healthy,Leg,Healthy,Healthy,Back,
Christian Hackenberg,QB,Healthy,Healthy,Healthy,,,,,,
Christian Kirk,WR,Foot,Healthy,Healthy,Healthy,,,,,
Christian McCaffrey,RB,Healthy,Healthy,Healthy,Ankle,Hamstring,,,,
Christine Michael,RB,Healthy,Healthy,Healthy,Healthy,Undisclosed,Healthy,,,
Chuba Hubbard,RB,Healthy,,,,,,,,
Clayton Thorson,QB,Healthy,Healthy,Concussion,,,,,,
Clive Walford,TE,Healthy,Healthy,Concussion,Healthy,Healthy,Healthy,Healthy,,
Clyde Edwards-Helaire,RB,Healthy,Knee,,,,,,,
Cobi Hamilton,WR,Healthy,Healthy,Healthy,Healthy,Healthy,Healthy,,,
Cody Core,WR,Healthy,Healthy,Healthy,Healthy,Achilles,Healthy,,,
Cody Kessler,QB,Healthy,Healthy,Healthy,Healthy,Healthy,,,,
Cody Latimer,WR,Healthy,Healthy,Healthy,Healthy,Hamstring,Healthy,Healthy,,
Colby Parkinson,TE,Healthy,Foot,,,,,,,
Cole Kmet,TE,Healthy,Healthy,,,,,,,
Cole McDonald,QB,Healthy,Healthy,,,,,,,
Collin Johnson,WR,Hamstring,,,,,,,,
Connor Cook,QB,Healthy,Healthy,Healthy,Healthy,,,,,
Cooper Kupp,WR,Healthy,Knee,Healthy,Healthy,Healthy,,,,
Cordarrelle Patterson,RB,Healthy,Healthy,Healthy,Healthy,Healthy,Healthy,Healthy,Healthy,
Corey Coleman,WR,Healthy,Hand,Healthy,Knee,Healthy,Healthy,,,
Corey Davis,WR,Healthy,Healthy,Healthy,Healthy,Groin,,,,
Corey Fuller,WR,Healthy,Healthy,Healthy,Foot,Undisclosed,,,,
Cornell Powell,WR,Healthy,,,,,,,,
Courtland Sutton,WR,Healthy,Healthy,Knee,Healthy,,,,,
Crockett Gillmore,TE,Healthy,Back,Healthy,Knee,Healthy,Healthy,Healthy,Healthy,
Cullen Gillaspia,RB,Healthy,Back,Healthy,,,,,,
Curtis Samuel,WR,Ankle,Healthy,Healthy,Healthy,Groin,,,,
D'Andre Swift,RB,Healthy,Healthy,,,,,,,
D'Onta Foreman,RB,Achilles,Achilles,Biceps,Healthy,Healthy,,,,
D'Wayne Eskridge,WR,Concussion,,,,,,,,
D.C. Jefferson,TE,Healthy,Toe,,,,,,,
D.J. Chark,WR,Healthy,Healthy,Healthy,Ankle,,,,,
D.J. Moore,WR,Healthy,Healthy,Healthy,Healthy,,,,,
D.K. Metcalf,WR,Healthy,Healthy,Healthy,,,,,,
Da'Ron Brown,WR,Healthy,Healthy,Healthy,,,,,,
DaeSean Hamilton,WR,Healthy,Healthy,Healthy,Healthy,,,,,
Dak Prescott,QB,Healthy,Healthy,Healthy,Healthy,Ankle,Healthy,,,
Dallas Goedert,TE,Healthy,Healthy,Ankle,Healthy,,,,,
Dalton Keene,TE,Knee,Knee,,,,,,,
Dalton Schultz,TE,Healthy,Healthy,Healthy,Healthy,,,,,
Dalvin Cook,RB,Knee,Healthy,Healthy,Healthy,Healthy,,,,
Damien Harris,RB,Healthy,Hand,,,,,,,
Damion Ratley,WR,Healthy,Healthy,Healthy,Healthy,,,,,
Dan Vitale,RB,Healthy,Healthy,Calf,Healthy,Healthy,Healthy,,,
Daniel Braverman,WR,Healthy,Healthy,Healthy,Healthy,,Healthy,,,
Daniel Jones,QB,Healthy,Healthy,Neck,,,,,,
Daniel Lasco,RB,Healthy,Back,Back,Healthy,,,,,
Danny Etling,QB,Healthy,Healthy,Healthy,Healthy,,,,,
Dante Pettis,WR,Knee,Healthy,Healthy,Shoulder,,,,,
Darius Jackson,RB,Healthy,Knee,Healthy,Healthy,Healthy,Healthy,,,
Darius Slayton,WR,Healthy,Healthy,Healthy,,,,,,
Darnell Mooney,WR,Healthy,Healthy,,,,,,,
Darrell Henderson,RB,Ankle,Ankle,Knee,,,,,,
Darren Waller,TE,Hamstring,Healthy,Healthy,Healthy,Healthy,Healthy,Healthy,,
Darrynton Evans,RB,Hamstring,Knee,,,,,,,
Darwin Thompson,RB,Healthy,Healthy,Healthy,,,,,,
Daurice Fountain,WR,Healthy,Ankle,Healthy,Healthy,,,,,
Davante Adams,WR,Healthy,Healthy,Healthy,Healthy,Healthy,Healthy,Healthy,Healthy,
David Cobb,RB,Designated for Return,Healthy,Healthy,Healthy,,,,,
David Fales,QB,Healthy,Healthy,Healthy,Healthy,Healthy,Healthy,Healthy,,
David Johnson,RB,Healthy,Healthy,Wrist,Healthy,Healthy,Concussion,Healthy,,
David Montgomery,RB,Healthy,Healthy,Knee,,,,,,
David Moore,WR,Healthy,Healthy,Healthy,Healthy,Healthy,,,,
David Morgan,TE,Healthy,Healthy,Healthy,Knee,Healthy,,,,
David Njoku,TE,Healthy,Healthy,Wrist,Knee,Healthy,,,,
David Williams,RB,Healthy,Healthy,,,,,,,
Davis Mills,QB,Healthy,,,,,,,,
Davis Webb,QB,Healthy,Healthy,Healthy,Healthy,Healthy,,,,
Dawson Knox,TE,Healthy,Healthy,Healthy,,,,,,
Dax Milne,WR,Healthy,,,,,,,,
Dazz Newsome,WR,Healthy,,,,,,,,
De'Angelo Henderson,RB,Healthy,Healthy,Healthy,Healthy,Healthy,,,,
De'Anthony Thomas,WR,Healthy,Healthy,Healthy,Leg,Leg,Healthy,Healthy,Healthy,
DeAndre Hopkins,WR,Healthy,Healthy,Healthy,Healthy,Healthy,Healthy,Healthy,Healthy,Knee
DeAndre Smelter,WR,Healthy,Hamstring,Healthy,Healthy,,,,,
DeAndre Washington,RB,Healthy,Healthy,Healthy,Healthy,Healthy,Healthy,,,
DeAngelo Yancey,WR,Healthy,Healthy,Healthy,,Healthy,,,,
DeShone Kizer,QB,Healthy,Healthy,Healthy,Healthy,Healthy,,,,
DeVante Parker,WR,Healthy,Healthy,Healthy,Healthy,Healthy,Healthy,Hamstring,,
DeVonta Smith,WR,Healthy,,,,,,,,
Dede Westbrook,WR,Abdomen,Healthy,Healthy,Knee,Healthy,,,,
DeeJay Dallas,RB,Healthy,Healthy,,,,,,,
Deebo Samuel,WR,Healthy,Foot,Healthy,,,,,,
Demarcus Ayers,WR,Healthy,Healthy,Healthy,Healthy,Healthy,Healthy,,,
Demarcus Robinson,WR,Healthy,Healthy,Healthy,Healthy,Healthy,Healthy,,,
Demetric Felton,RB,Healthy,,,,,,,,
Denard Robinson,RB,Healthy,Foot,Healthy,Healthy,Healthy,Healthy,Healthy,Healthy,
Denzel Mims,WR,Hamstring,Healthy,,,,,,,
Deon Cain,WR,Knee,Healthy,Healthy,Head,,,,,
Derek Carr,QB,Healthy,Healthy,Healthy,Healthy,Healthy,Healthy,Healthy,Healthy,
Derek Watt,RB,Healthy,Healthy,Healthy,Healthy,Healthy,Healthy,,,
Derrick Henry,RB,Healthy,Healthy,Healthy,Healthy,Healthy,Foot,,,
Derrius Guice,RB,Knee,Knee,Healthy,,,,,,
Deshaun Watson,QB,Knee,Healthy,Healthy,Healthy,Healthy,,,,
Devante Mays,RB,Healthy,Hamstring,Ankle,Healthy,Healthy,,,,
Devin Asiasi,TE,Undisclosed,Healthy,,,,,,,
Devin Duvernay,WR,Healthy,Healthy,,,,,,,
Devin Fuller,WR,Shoulder,Knee,Healthy,,,,,,
Devin Funchess,TE,Healthy,Knee,Healthy,Healthy,Clavicle,Healthy,Hamstring,,
Devin Lucien,WR,Healthy,Undisclosed,Healthy,Healthy,Healthy,Healthy,,,
Devin Singletary,RB,Healthy,Healthy,Healthy,,,,,,
Devin Smith,WR,Knee,Knee,Knee,Healthy,Healthy,Healthy,Healthy,,
Devin Street,WR,Healthy,Healthy,Healthy,Undisclosed,,,,,
Devonta Freeman,RB,Healthy,Healthy,Healthy,Healthy,Foot,Healthy,Ankle,Healthy,
Devontae Booker,RB,Healthy,Healthy,Healthy,Healthy,Healthy,Healthy,,,
Dexter Williams,RB,Healthy,Healthy,Healthy,,,,,,
Dez Fitzpatrick,WR,Healthy,,,,,,,,
Dezmin Lewis,WR,Healthy,Healthy,Healthy,,,,,,
Dezmon Patmon,WR,Healthy,Foot,,,,,,,
Dillon Mitchell,WR,Healthy,Healthy,,,,,,,
Dion Sims,TE,Healthy,Healthy,Healthy,Healthy,Healthy,Concussion,Healthy,,
Diontae Johnson,WR,Healthy,Healthy,Healthy,,,,,,
Donnel Pumphrey,RB,Hamstring,Healthy,Healthy,,,,,,
Donovan Peoples-Jones,WR,Healthy,Healthy,,,,,,,
Donte Moncrief,WR,Healthy,Healthy,Healthy,Healthy,Healthy,Healthy,Healthy,Healthy,
Dorial Green-Beckham,WR,Healthy,Healthy,Healthy,,,,,,
Drew Lock,QB,Thumb,Healthy,Healthy,,,,,,
Drew Sample,TE,Ankle,Healthy,Healthy,,,,,,
Dri Archer,WR,Healthy,Healthy,Healthy,Healthy,Healthy,Healthy,Healthy,Healthy,
Duke Johnson,RB,Healthy,Healthy,Healthy,Healthy,Healthy,Healthy,Healthy,,
Durham Smythe,TE,Healthy,Healthy,Healthy,Healthy,,,,,
Dwayne Haskins,QB,Healthy,Healthy,Healthy,,,,,,
Dwayne Washington,RB,Healthy,Healthy,Healthy,Healthy,Healthy,Healthy,,,
Dyami Brown,WR,Healthy,,,,,,,,
Dylan Cantrell,WR,Healthy,Shoulder,Healthy,Undisclosed,,,,,
E.J. Manuel,QB,Healthy,Healthy,Healthy,Healthy,Healthy,Healthy,Healthy,Healthy,
Easton Stick,QB,Healthy,Healthy,Healthy,,,,,,
Eddie Lacy,RB,Healthy,Healthy,Healthy,Ankle,Healthy,Healthy,Healthy,Healthy,
Elijah Hood,RB,Healthy,Knee,Healthy,,,,,,
Elijah McGuire,RB,Healthy,Foot,Healthy,Healthy,Ankle,,,,
Elijah Mitchell,RB,Healthy,,,,,,,,
Elijah Moore,WR,Quadriceps,,,,,,,,
Eno Benjamin,RB,Healthy,Healthy,,,,,,,
Equanimeous St. Brown,WR,Healthy,Ankle,Knee,Healthy,,,,,
Eric Ebron,TE,Healthy,Healthy,Healthy,Healthy,Healthy,Ankle,Healthy,Knee,
Eric Saubert,TE,Healthy,Healthy,Healthy,Healthy,Healthy,,,,
Evan Engram,TE,Healthy,Healthy,Foot,Healthy,Healthy,,,,
Evan Spencer,WR,Concussion,Healthy,,,,,,,
Ezekiel Elliott,RB,Healthy,Healthy,Healthy,Healthy,Healthy,Healthy,,,
Foster Moreau,TE,Knee,Healthy,Healthy,,,,,,
Frank Darby,WR,Healthy,,,,,,,,
Freddie Swain,WR,Healthy,Healthy,,,,,,,
Gabriel Davis,WR,Healthy,Healthy,,,,,,,
Gardner Minshew,QB,Healthy,Healthy,Healthy,,,,,,
Garrett Gilbert,QB,Healthy,Healthy,Healthy,Healthy,Healthy,Healthy,Healthy,Healthy,
Garrett Grayson,QB,Healthy,Healthy,Healthy,Healthy,Healthy,,,,
Gary Brightwell,RB,Neck,,,,,,,,
Gary Jennings,WR,Shoulder,Healthy,Undisclosed,,,,,,
Gavin Escobar,TE,Healthy,Healthy,Achilles,Healthy,Healthy,Healthy,,,
Geno Smith,QB,Healthy,Healthy,Healthy,Knee,Healthy,Healthy,Healthy,Healthy,
Geoff Swaim,TE,Healthy,Pectoral,Healthy,Wrist,Concussion,Healthy,Healthy,,
George Kittle,TE,Healthy,Healthy,Healthy,Foot,Calf,,,,
Gerald Christian,TE,Knee,Healthy,Healthy,,,,,,
Gerald Everett,TE,Healthy,Healthy,Healthy,Healthy,Healthy,,,,
Geremy Davis,WR,Healthy,Healthy,Healthy,Healthy,Hamstring,Healthy,Healthy,,
Gerrid Doaks,RB,Healthy,,,,,,,,
Giovani Bernard,RB,Healthy,Healthy,Healthy,Knee,Healthy,Healthy,Healthy,Healthy,Hip
Hakeem Butler,WR,Hand,Healthy,Healthy,,,,,,
Harrison Bryant,TE,Healthy,Healthy,,,,,,,
Hayden Hurst,TE,Healthy,Healthy,Healthy,Ankle,,,,,
Henry Ruggs,WR,Healthy,Healthy,,,,,,,
Hunter Henry,TE,Healthy,Kidney,Knee,Healthy,Healthy,Healthy,,,
Hunter Long,TE,Healthy,,,,,,,,
Hunter Renfrow,WR,Healthy,Healthy,Healthy,,,,,,
Ian Book,QB,Healthy,,,,,,,,
Ian Thomas,TE,Healthy,Healthy,Healthy,Healthy,,,,,
Ihmir Smith-Marsette,WR,Healthy,,,,,,,,
Irv Smith,TE,Healthy,Healthy,Knee,,,,,,
Isaac Nauta,TE,Healthy,Healthy,Chest,,,,,,
Isaiah Coulter,WR,Neck,Healthy,,,,,,,
Isaiah Ford,WR,Knee,Healthy,Healthy,Healthy,Healthy,,,,
Isaiah Hodgins,WR,Shoulder,Healthy,,,,,,,
Isaiah McKenzie,WR,Healthy,Healthy,Healthy,Healthy,Healthy,,,,
Ito Smith,RB,Knee,Neck,Healthy,Healthy,,,,,
J'Mon Moore,WR,Healthy,Healthy,Healthy,Undisclosed,,,,,
J.J. Arcega-Whiteside,TE,Healthy,Healthy,Healthy,,,,,,
J.J. Nelson,WR,Healthy,Healthy,Healthy,Healthy,Healthy,Knee,Groin,,
J.K. Dobbins,RB,Healthy,Knee,,,,,,,
Ja'Marr Chase,WR,Healthy,,,,,,,,
Jace Amaro,TE,Healthy,Shoulder,Healthy,Healthy,Healthy,,,,
Jace Sternberger,TE,Ankle,Healthy,Healthy,,,,,,
Jacob Eason,QB,Healthy,Healthy,,,,,,,
Jacob Harris,TE,Knee,,,,,,,,
Jacoby Brissett,QB,Thumb,Healthy,Healthy,Healthy,Healthy,Healthy,,,
Jaelen Strong,WR,Healthy,Ankle,Knee,Healthy,Healthy,,,,
Jaelon Darden,WR,Healthy,,,,,,,,
Jake Butt,TE,Healthy,Knee,Knee,Hamstring,Healthy,,,,
Jake Fromm,QB,Healthy,Healthy,,,,,,,
Jake Funk,RB,Hamstring,,,,,,,,
Jake Luton,QB,Healthy,Healthy,,,,,,,
Jake Rudock,QB,Healthy,Healthy,Healthy,Healthy,Healthy,Healthy,,,
Jakeem Grant,WR,Healthy,Healthy,Achilles,Ankle,Healthy,Healthy,,,
Jaleel Scott,WR,Hamstring,Healthy,Healthy,Healthy,,,,,
Jalen Camp,WR,Healthy,,,,,,,,
Jalen Hurd,WR,Back,Knee,Knee,,,,,,
Jalen Hurts,QB,Healthy,Healthy,,,,,,,
Jalen Reagor,WR,Thumb,Healthy,,,,,,,
Jalen Saunders,WR,Healthy,Healthy,Healthy,Healthy,Healthy,Healthy,,Healthy,
Jalston Fowler,RB,Healthy,Healthy,Healthy,Healthy,,,,,
Jamaal Williams,RB,Healthy,Healthy,Healthy,Healthy,Healthy,,,,
Jamal Agnew,WR,Healthy,Knee,Healthy,Healthy,Hip,,,,
Jameis Winston,QB,Healthy,Healthy,Healthy,Healthy,Healthy,Healthy,Knee,,
James Conner,RB,Knee,Healthy,Healthy,Healthy,Healthy,,,,
James Morgan,QB,Healthy,Healthy,,,,,,,
James O'Shaughnessy,TE,Foot,Healthy,Healthy,Healthy,Knee,Healthy,Ankle,,
James Proche,WR,Healthy,Healthy,,,,,,,
James Washington,WR,Healthy,Healthy,Healthy,Healthy,,,,,
James White,RB,Healthy,Healthy,Healthy,Healthy,Healthy,Healthy,Healthy,Hip,
James Wright,WR,Healthy,Knee,Healthy,Chest,Knee,Healthy,,,
Jamison Crowder,WR,Healthy,Healthy,Healthy,Healthy,Healthy,Healthy,Healthy,,
Jared Abbrederis,WR,Knee,Healthy,Thigh,Healthy,,,,,
Jared Goff,QB,Healthy,Healthy,Healthy,Healthy,Healthy,Healthy,,,
Jarrett Stidham,QB,Healthy,Healthy,Back,,,,,,
Jarvis Landry,WR,Healthy,Healthy,Healthy,Healthy,Healthy,Healthy,Healthy,Knee,
Jason Huntley,RB,Healthy,Healthy,,,,,,,
Jauan Jennings,WR,Healthy,Healthy,,,,,,,
Javon Wims,WR,Healthy,Healthy,Healthy,Healthy,,,,,
Javonte Williams,RB,Healthy,,,,,,,,
Javorius Allen,RB,Healthy,Healthy,Healthy,Healthy,Undisclosed,Healthy,Healthy,,
Jawan Jamison,RB,Healthy,Healthy,,,,,,,
Jay Ajayi,RB,Designated for Return,Healthy,Healthy,Knee,Healthy,,,,
Jay Prosch,RB,Healthy,Healthy,Healthy,Healthy,Healthy,,,,
Jaylen Samuels,RB,Healthy,Healthy,Healthy,Healthy,,,,,
Jaylen Waddle,WR,Healthy,,,,,,,,
Jeff Driskel,QB,Healthy,Hand,Healthy,Hamstring,Healthy,Clavicle,,,
Jeff Heuerman,TE,Knee,Healthy,Healthy,Ribs,Healthy,Healthy,,,
Jeff Janis,WR,Healthy,Healthy,Healthy,Healthy,Healthy,,,,
Jehu Chesson,WR,Healthy,Healthy,Healthy,Healthy,,,,,
Jerell Adams,TE,Healthy,Healthy,Healthy,Healthy,Healthy,Healthy,,,
Jeremy Gallon,WR,Healthy,Undisclosed,,,,,,,
Jeremy Hill,RB,Healthy,Healthy,Healthy,Ankle,Knee,Healthy,Healthy,,
Jeremy Langford,RB,Healthy,Healthy,Healthy,Healthy,Undisclosed,Healthy,Healthy,,
Jeremy McNichols,RB,Healthy,Healthy,Healthy,Healthy,Healthy,,,,
Jeremy Sprinkle,TE,Healthy,Healthy,Healthy,Healthy,Healthy,,,,
Jerick McKinnon,RB,Back,Healthy,Healthy,Healthy,Knee,Knee,Healthy,Hamstring,
Jermar Jefferson,RB,Healthy,,,,,,,,
Jerry Jeudy,WR,Healthy,Ankle,,,,,,,
Jesse James,TE,Healthy,Healthy,Healthy,Healthy,Healthy,Healthy,Healthy,,
Jimmy Garoppolo,QB,Healthy,Healthy,Healthy,Healthy,Knee,Healthy,Ankle,Healthy,
Joe Burrow,QB,Knee,Healthy,,,,,,,
Joe Mixon,RB,Healthy,Healthy,Healthy,Foot,Healthy,,,,
Joe Reed,WR,Healthy,Healthy,,,,,,,
Joe Williams,RB,Ankle,Healthy,,,,,,,
Joey Iosefa,RB,Healthy,Healthy,,,,,,,
John Bates,TE,Healthy,,,,,,,,
John Brown,WR,Healthy,Healthy,Healthy,Healthy,Healthy,Healthy,Ankle,Healthy,
John Hightower,WR,Healthy,Healthy,,,,,,,
John Kelly,RB,Healthy,Healthy,Healthy,Healthy,,,,,
John Ross,WR,Shoulder,Healthy,Shoulder,Foot,Hamstring,,,,
John Ursua,WR,Healthy,Healthy,Knee,,,,,,
Johnathan Franklin,RB,Concussion,Healthy,,,,,,,
Johnny Manziel,QB,Hamstring,Healthy,Healthy,Healthy,Healthy,Healthy,Healthy,Healthy,
Jonathan Taylor,RB,Healthy,Healthy,,,,,,,
Jonathan Williams,RB,Healthy,Healthy,Healthy,Healthy,Healthy,Healthy,,,
Jonnu Smith,TE,Healthy,Knee,Healthy,Healthy,Healthy,,,,
Jordan Akins,TE,Healthy,Healthy,Healthy,Healthy,,,,,
Jordan Howard,RB,Healthy,Healthy,Healthy,Healthy,Healthy,Healthy,,,
Jordan Lasley,WR,Healthy,Healthy,Healthy,Healthy,,,,,
Jordan Leggett,TE,Knee,Healthy,Healthy,Healthy,Healthy,,,,
Jordan Love,QB,Healthy,Healthy,,,,,,,
Jordan Matthews,TE,Healthy,Healthy,Healthy,Knee,Hamstring,Healthy,Healthy,Healthy,
Jordan Payton,WR,Healthy,Healthy,,,,,,,
Jordan Reed,TE,Concussion,Healthy,Healthy,Healthy,Hamstring,Toe,Concussion,Knee,
Jordan Scarlett,RB,Knee,Healthy,Healthy,,,,,,
Jordan Thomas,TE,Healthy,Ribs,Healthy,Undisclosed,,,,,
Jordan Wilkins,RB,Healthy,Healthy,Healthy,Healthy,,,,,
Joseph Randle,RB,Healthy,Healthy,Healthy,,,,,,
Josh Allen,QB,Healthy,Healthy,Healthy,Healthy,,,,,
Josh Boyce,WR,Ankle,,Undisclosed,Healthy,Healthy,,,,
Josh Doctson,WR,Achilles,Healthy,Healthy,Hamstring,Healthy,Healthy,,,
Josh Huff,WR,Healthy,Healthy,Healthy,Healthy,Healthy,Healthy,Healthy,Healthy,
Josh Jacobs,RB,Healthy,Healthy,Healthy,,,,,,
Josh Malone,WR,Healthy,Healthy,Healthy,Healthy,Healthy,,,,
Josh Oliver,TE,Back,Foot,Healthy,,,,,,
Josh Palmer,WR,Healthy,,,,,,,,
Josh Reynolds,WR,Healthy,Healthy,Healthy,Healthy,Healthy,,,,
Josh Robinson,RB,Healthy,Healthy,Healthy,Healthy,,,,,
Josh Rosen,QB,Healthy,Healthy,Healthy,Healthy,,,,,
Joshua Dobbs,QB,Healthy,Healthy,Healthy,Healthy,Toe,,,,
Joshua Kelley,RB,Healthy,Healthy,,,,,,,
Josiah Deguara,TE,Knee,Healthy,,,,,,,
JuJu Smith-Schuster,WR,Healthy,Healthy,Healthy,Healthy,Shoulder,,,,
Justice Cunningham,TE,Healthy,Ankle,Healthy,Healthy,,,,,
Justice Hill,RB,Healthy,Healthy,Achilles,,,,,,
Justin Brown,WR,Healthy,Healthy,Undisclosed,,,,,,
Justin Fields,QB,Healthy,,,,,,,,
Justin Hardy,WR,Healthy,Healthy,Healthy,Healthy,Healthy,Healthy,Healthy,,
Justin Herbert,QB,Healthy,Healthy,,,,,,,
Justin Hunter,WR,Healthy,Spleen,Ankle,Healthy,Healthy,Shoulder,Healthy,Healthy,
Justin Jackson,RB,Healthy,Healthy,Knee,Healthy,,,,,
Justin Jefferson,WR,Healthy,Healthy,,,,,,,
Justin Watson,WR,Healthy,Healthy,Healthy,Knee,,,,,
Juwann Winfree,WR,Hamstring,Healthy,Healthy,,,,,,
K.J. Hill,WR,Healthy,Healthy,,,,,,,
K.J. Osborn,WR,Healthy,Healthy,,,,,,,
KJ Hamler,WR,Concussion,Knee,,,,,,,
Ka'Deem Carey,RB,Healthy,Healthy,Healthy,Wrist,Healthy,Healthy,Healthy,Healthy,
Kadarius Toney,WR,Healthy,,,,,,,,
Kaden Smith,TE,Healthy,Healthy,Knee,,,,,,
Kaelin Clay,WR,Healthy,Foot,Healthy,Ankle,Healthy,Healthy,Healthy,,
Kahale Warring,TE,Concussion,Undisclosed,Healthy,,,,,,
Kalen Ballage,RB,Healthy,Leg,Healthy,Healthy,,,,,
Kareem Hunt,RB,Healthy,Healthy,Healthy,Healthy,Calf,,,,
Karlos Williams,RB,Healthy,Healthy,Healthy,Healthy,Healthy,Healthy,Healthy,,
Kawaan Baker,WR,Healthy,,,,,,,,
Ke'Shawn Vaughn,RB,Healthy,Healthy,,,,,,,
KeeSean Johnson,WR,Healthy,Healthy,Healthy,,,,,,
Keenan Allen,WR,Healthy,Healthy,Kidney,Knee,Healthy,Healthy,Healthy,Healthy,
Keenan Reynolds,WR,Healthy,Healthy,Healthy,Healthy,,,,,
Keith Marshall,RB,Elbow,Knee,Healthy,,,,,,
Keith Mumphery,WR,Healthy,Healthy,Healthy,Healthy,Healthy,Healthy,Healthy,,
Keith Wenning,QB,Healthy,Healthy,Healthy,Healthy,,,,,
Keke Coutee,WR,Healthy,Healthy,Healthy,Healthy,,,,,
Kellen Mond,QB,Healthy,,,,,,,,
Kelvin Benjamin,WR,Healthy,Knee,Healthy,Healthy,Healthy,Healthy,Healthy,Healthy,
Kelvin Harmon,WR,Healthy,Healthy,Healthy,,,,,,
Kelvin Taylor,RB,Healthy,Healthy,Healthy,Healthy,,,,,
Kene Nwangwu,RB,Knee,,,,,,,,
Kenjon Barner,RB,Healthy,Ankle,Healthy,Hamstring,Healthy,Knee,Healthy,Groin,
Kennard Backman,TE,Healthy,Hamstring,Healthy,,,,,,
Kenneth Dixon,RB,Healthy,Knee,Knee,Knee,Healthy,Healthy,,,
Kenny Bell,WR,Hamstring,Concussion,Hamstring,Hamstring,,,,,
Kenny Gainwell,RB,Healthy,,,,,,,,
Kenny Golladay,WR,Healthy,Healthy,Healthy,Healthy,Healthy,,,,
Kenny Hilliard,RB,Healthy,Healthy,Healthy,Healthy,Healthy,Healthy,Healthy,,
Kenny Lawler,WR,Healthy,Healthy,Healthy,Healthy,Healthy,Healthy,,,
Kenny Stills,WR,Healthy,Healthy,Healthy,Healthy,Healthy,Healthy,Healthy,Healthy,
Kenyan Drake,RB,Healthy,Healthy,Healthy,Healthy,Healthy,Ankle,,,
Kerrith Whyte,RB,Healthy,Healthy,Healthy,,,,,,
Kerryon Johnson,RB,Knee,Knee,Healthy,Knee,,,,,
Kerwynn Williams,RB,Healthy,Healthy,Healthy,Healthy,Healthy,Healthy,Healthy,,
Kevin Dorsey,WR,Toe,Foot,Healthy,,,,,,
Kevin Hogan,QB,Healthy,Healthy,Healthy,Healthy,Healthy,Healthy,,,
Kevin Norwood,WR,Healthy,Healthy,Hip,Hip,,,,,
Kevin White,WR,Shin,Leg,Shoulder,Healthy,Healthy,Healthy,Healthy,,
Khalfani Muhammad,RB,Healthy,Healthy,Healthy,Healthy,Healthy,,,,
Khalil Herbert,RB,Healthy,,,,,,,,
Kiero Small,RB,Healthy,Healthy,,,,,,,
Knile Davis,RB,Healthy,Healthy,Healthy,Healthy,Healthy,Healthy,,,
Kolby Listenbee,WR,Healthy,Healthy,Undisclosed,,,,,,
Kyle Juszczyk,RB,Healthy,Healthy,Healthy,Healthy,Healthy,Healthy,Healthy,Healthy,
Kyle Lauletta,QB,Healthy,Healthy,Healthy,Healthy,,,,,
Kyle Pitts,TE,Healthy,,,,,,,,
Kyle Trask,QB,Healthy,,,,,,,,
Kylen Granson,TE,Healthy,,,,,,,,
Kyler Murray,QB,Healthy,Healthy,Healthy,,,,,,
Kylin Hill,RB,Knee,,,,,,,,
Lache Seastrunk,RB,Healthy,Healthy,Healthy,,,,,,
Lamar Jackson,QB,Healthy,Healthy,Healthy,Healthy,,,,,
Lamical Perine,RB,Ankle,Healthy,,,,,,,
Landry Jones,QB,Healthy,Healthy,Healthy,Healthy,Healthy,Healthy,Healthy,,
Laquon Treadwell,WR,Healthy,Healthy,Healthy,Healthy,Healthy,Healthy,,,
Larry Rountree,RB,Healthy,,,,,,,,
Latavius Murray,RB,Ankle,Healthy,Healthy,Healthy,Healthy,Healthy,Healthy,Healthy,
Laviska Shenault,WR,Healthy,Healthy,,,,,,,
Le'Veon Bell,RB,Healthy,Healthy,Knee,Healthy,Healthy,Healthy,Healthy,Hamstring,
Leonard Fournette,RB,Healthy,Healthy,Healthy,Healthy,Hamstring,,,,
Leonte Carroo,WR,Healthy,Healthy,Healthy,Healthy,Healthy,Healthy,,,
Levine Toilolo,TE,Healthy,Healthy,Healthy,Healthy,Healthy,Healthy,Healthy,Healthy,Achilles
Logan Thomas,TE,Healthy,Healthy,Healthy,Healthy,Healthy,Healthy,Healthy,Hamstring,
Logan Woodside,QB,Healthy,Healthy,Healthy,Healthy,,,,,
Lorenzo Taliaferro,RB,Foot,Foot,Foot,Healthy,Healthy,,,,
Luke Falk,QB,Wrist,Healthy,Healthy,Healthy,,,,,
Luke Farrell,TE,Healthy,,,,,,,,
Luke Willson,TE,Healthy,Healthy,Healthy,Healthy,Healthy,Healthy,Healthy,Healthy,
Lynn Bowden,WR,Healthy,Hamstring,,,,,,,
Mac Jones,QB,Healthy,,,,,,,,
Mack Hollins,WR,Healthy,Groin,Healthy,Healthy,Healthy,,,,
Malachi Dupre,WR,Healthy,Healthy,Healthy,,,,,,
Malcolm Johnson,RB,Groin,Healthy,Undisclosed,Undisclosed,Shoulder,Healthy,Healthy,,
Malcolm Mitchell,WR,Healthy,Knee,Healthy,,,,,,
Malcolm Perry,WR,Healthy,Foot,,,,,,,
Marcell Ateman,WR,Healthy,Healthy,Healthy,Healthy,,,,,
Marcus Green,WR,Healthy,Healthy,Healthy,,,,,,
Marcus Lattimore,RB,Healthy,Healthy,Healthy,Healthy,Healthy,Healthy,Healthy,Healthy,
Marcus Mariota,QB,Healthy,Leg,Healthy,Healthy,Healthy,Pectoral,Quadriceps,,
Marcus Murphy,RB,Ankle,Healthy,Healthy,Elbow,Healthy,Healthy,Healthy,,
Mario Alford,WR,Healthy,Ankle,Healthy,Healthy,Healthy,Healthy,Healthy,,
Marion Grice,RB,Healthy,Shoulder,Healthy,Healthy,Healthy,,,,
Mark Andrews,TE,Healthy,Healthy,Healthy,Healthy,,,,,
Mark Walton,RB,Healthy,Healthy,,,,,,,
Markus Wheaton,WR,Healthy,Healthy,Healthy,Shoulder,Healthy,Healthy,,,
Marlon Mack,RB,Healthy,Healthy,Healthy,Achilles,Healthy,,,,
Marqise Lee,WR,Healthy,Healthy,Healthy,Healthy,Knee,Shoulder,Healthy,Healthy,
Marquess Wilson,WR,Healthy,Designated for Return,Foot,Foot,Healthy,Healthy,Healthy,,
Marquez Stevenson,WR,Foot,,,,,,,,
Marquez Valdes-Scantling,WR,Healthy,Healthy,Healthy,Hamstring,,,,,
Marquez Williams,RB,Undisclosed,Healthy,Healthy,,Healthy,,,,
Marquise Brown,WR,Healthy,Healthy,Healthy,,,,,,
Marquise Goodwin,WR,Healthy,Healthy,Ribs,Healthy,Healthy,Healthy,Knee,Healthy,
Martavis Bryant,WR,Healthy,Healthy,Healthy,Healthy,Knee,Healthy,Healthy,Healthy,
Mason Rudolph,QB,Healthy,Shoulder,Healthy,Healthy,,,,,
Mason Schreck,TE,Knee,Knee,Healthy,Healthy,Healthy,,,,
Matt Barkley,QB,Healthy,Healthy,Healthy,Healthy,Healthy,Knee,Healthy,Healthy,
Matt Dayes,RB,Healthy,Healthy,Undisclosed,,,,,,
Matt Hazel,WR,Healthy,Healthy,Healthy,Healthy,Undisclosed,Healthy,,,
Matt Jones,RB,Healthy,Healthy,Healthy,Healthy,,,,,
Maxx Williams,TE,Healthy,Knee,Healthy,Healthy,Healthy,Ankle,Knee,,
Mecole Hardman,WR,Healthy,Healthy,Healthy,,,,,,
Melvin Gordon,RB,Knee,Healthy,Healthy,Healthy,Healthy,Healthy,Healthy,,
Michael Burton,RB,Healthy,Healthy,Healthy,Healthy,Healthy,Healthy,Healthy,,
Michael Campanaro,WR,Healthy,Back,Calf,Healthy,Undisclosed,,,,
Michael Carter,RB,Ankle,,,,,,,,
Michael Cox,RB,Healthy,Leg,Healthy,,,,,,
Michael Gallup,WR,Healthy,Healthy,Healthy,Calf,,,,,
Michael Pittman,WR,Leg,Healthy,,,,,,,
Michael Roberts,TE,Healthy,Shoulder,Healthy,Healthy,,,,,
Michael Thomas,WR,Healthy,Healthy,Healthy,Healthy,Ankle,Ankle,,,
Michael Williams,TE,Hand,Healthy,Healthy,Knee,Healthy,,,,
Mike Davis,RB,Designated for Return,Healthy,Healthy,Healthy,Healthy,Healthy,Healthy,,
Mike Evans,WR,Healthy,Healthy,Healthy,Healthy,Healthy,Hamstring,Healthy,Healthy,
Mike Gesicki,TE,Healthy,Healthy,Healthy,Healthy,,,,,
Mike Gillislee,RB,Healthy,Hamstring,Healthy,Healthy,Healthy,Healthy,,,
Mike Glennon,QB,Healthy,Healthy,Healthy,Healthy,Healthy,Healthy,Healthy,Healthy,
Mike James,RB,Ankle,Healthy,Healthy,Undisclosed,Concussion,Healthy,Healthy,Healthy,
Mike Strachan,WR,Healthy,,,,,,,,
Mike Thomas,WR,Healthy,Healthy,Groin,Healthy,Healthy,Healthy,,,
Mike Weber,RB,Healthy,Healthy,Hip,,,,,,
Mike White,QB,Healthy,Healthy,Healthy,Healthy,,,,,
Mike Williams,WR,Healthy,Healthy,Healthy,Healthy,Healthy,,,,
Miles Boykin,WR,Healthy,Healthy,Hamstring,,,,,,
Miles Sanders,RB,Healthy,Healthy,Ankle,,,,,,
Mitchell Trubisky,QB,Healthy,Healthy,Healthy,Healthy,Healthy,,,,
Montee Ball,RB,Healthy,Groin,Healthy,Healthy,,,,,
Moritz Böhringer,WR,Healthy,Healthy,Healthy,Healthy,Healthy,,,,
MyCole Pruitt,TE,Healthy,Healthy,Calf,Healthy,Healthy,Healthy,Healthy,,
Mychal Rivera,TE,Healthy,Healthy,Healthy,Healthy,Hand,Healthy,Healthy,Healthy,
Myles Gaskin,RB,Ankle,Knee,Healthy,,,,,,
N'Keal Harry,WR,Ankle,Healthy,Shoulder,,,,,,
Najee Harris,RB,Healthy,,,,,,,,
Nate Sudfeld,QB,Healthy,Healthy,Healthy,Healthy,Healthy,Healthy,,,
Nathan Peterman,QB,Healthy,Healthy,Elbow,Healthy,Healthy,,,,
Nathan Stanley,QB,Healthy,Undisclosed,,,,,,,
Neal Sterling,TE,Healthy,Healthy,Healthy,Concussion,Healthy,,,,
Nelson Agholor,WR,Healthy,Healthy,Healthy,Healthy,Healthy,Healthy,Healthy,,
Nick Bawden,RB,Knee,Knee,Undisclosed,Healthy,,,,,
Nick Boyle,TE,Healthy,Healthy,Healthy,Healthy,Healthy,Knee,Knee,,
Nick Chubb,RB,Healthy,Healthy,Knee,Healthy,,,,,
Nick Kasa,TE,Healthy,Knee,Healthy,Healthy,,,,,
Nick O'Leary,TE,Healthy,Healthy,Healthy,Healthy,Healthy,Healthy,Healthy,,
Nick Vannett,TE,Healthy,Healthy,Healthy,Healthy,Healthy,Knee,,,
Nico Collins,WR,Shoulder,,,,,,,,
Noah Brown,WR,Healthy,Hamstring,Knee,Healthy,Groin,,,,
Noah Fant,TE,Healthy,Healthy,Healthy,,,,,,
Noah Gray,TE,Healthy,,,,,,,,
Nyheim Hines,RB,Healthy,Healthy,Healthy,Healthy,,,,,
O.J. Howard,TE,Ankle,Foot,Healthy,Achilles,Healthy,,,,
Odell Beckham Jr.,WR,Healthy,Healthy,Healthy,Ankle,Healthy,Healthy,Knee,Healthy,
Olabisi Johnson,WR,Healthy,Healthy,Knee,,,,,,
Parris Campbell,WR,Foot,Knee,Foot,,,,,,
Pat Freiermuth,TE,Healthy,,,,,,,,
Patrick Mahomes,QB,Healthy,Healthy,Healthy,Healthy,Healthy,,,,
Paul Perkins,RB,Healthy,Healthy,Healthy,Healthy,Healthy,Healthy,,,
Paul Richardson,WR,Knee,Knee,Healthy,Healthy,Shoulder,Hamstring,Healthy,,
Paxton Lynch,QB,Healthy,Healthy,Healthy,Healthy,Healthy,Healthy,,,
Pharoh Cooper,WR,Healthy,Healthy,Ankle,Healthy,Healthy,Healthy,,,
Phillip Dorsett,WR,Healthy,Healthy,Healthy,Healthy,Healthy,Foot,Ankle,,
Qadree Ollison,RB,Healthy,Healthy,Healthy,,,,,,
Quez Watkins,WR,Upper Body,Healthy,,,,,,,
Quincy Enunwa,WR,Healthy,Healthy,Healthy,Neck,Ankle,Neck,Neck,,
Quintez Cephus,WR,Healthy,Clavicle,,,,,,,
Quinton Patton,WR,Healthy,Healthy,Healthy,Foot,Foot,,,,
Racey McMath,WR,Quadriceps,,,,,,,,
Randall Telfer,TE,Healthy,Healthy,Healthy,Healthy,,,,,
Rashaad Penny,RB,Healthy,Knee,Knee,Calf,,,,,
Rashad Greene,WR,Designated for Return,Achilles,Undisclosed,Healthy,Healthy,Healthy,Healthy,,
Rashard Higgins,WR,Healthy,Healthy,Healthy,Healthy,Healthy,Healthy,,,
Rashod Bateman,WR,Groin,,,,,,,,
Ray Ray McCloud,WR,Healthy,Healthy,Healthy,Healthy,,,,,
Raymond Calais,RB,Undisclosed,Ankle,,,,,,,
Rex Burkhead,RB,Healthy,Healthy,Healthy,Healthy,Healthy,Neck,Healthy,Knee,
Rhamondre Stevenson,RB,Healthy,,,,,,,,
Ricardo Louis,WR,Healthy,Healthy,Neck,Knee,Healthy,Healthy,,,
Richard Rodgers,TE,Healthy,Healthy,Healthy,Healthy,Knee,Foot,Healthy,Healthy,
Richie James,WR,Healthy,Healthy,Hamstring,Knee,,,,,
Rico Gathers,TE,Healthy,Concussion,Healthy,Healthy,,,,,
Riley Ridley,WR,Healthy,Healthy,Healthy,,,,,,
Rob Blanchflower,TE,Healthy,Undisclosed,Healthy,,,,,,
Robert Davis,WR,Healthy,Knee,Healthy,Lower Body,,,,,
Robert Herron,WR,Healthy,Hamstring,Healthy,,,,,,
Robert Woods,WR,Healthy,Healthy,Groin,Healthy,Healthy,Healthy,Healthy,Healthy,Knee
Rodney Adams,WR,Healthy,Healthy,Healthy,Healthy,Healthy,,,,
Rodney Anderson,RB,Knee,Healthy,,,,,,,
Ronald Jones II,RB,Healthy,Healthy,Healthy,Healthy,,,,,
Rondale Moore,WR,Healthy,,,,,,,,
Rory Anderson,TE,Undisclosed,Healthy,Healthy,Healthy,Healthy,Healthy,Healthy,,
Royce Freeman,RB,Healthy,Healthy,Healthy,Healthy,,,,,
Russell Gage,WR,Healthy,Healthy,Healthy,Healthy,,,,,
Ryan Finley,QB,Healthy,Healthy,Healthy,,,,,,
Ryan Grant,WR,Healthy,Healthy,Healthy,Healthy,Healthy,Healthy,Healthy,Healthy,
Ryan Griffin,TE,Healthy,Healthy,Designated for Return,Healthy,Concussion,Healthy,Ankle,Healthy,Knee
Ryan Izzo,TE,Ankle,Healthy,Hamstring,Healthy,,,,,
Ryan Nassib,QB,Healthy,Healthy,Healthy,Elbow,Healthy,,,,
Ryan Switzer,WR,Healthy,Healthy,Back,Healthy,Foot,,,,
Ryan Swope,WR,Healthy,Healthy,Healthy,Healthy,Healthy,Healthy,Healthy,Healthy,
Ryquell Armstead,RB,Healthy,Healthy,Healthy,,,,,,
Sam Darnold,QB,Healthy,Healthy,Healthy,Shoulder,,,,,
Sam Ehlinger,QB,Knee,,,,,,,,
Sam Rogers,RB,Healthy,Healthy,,,,,,,
Samaje Perine,RB,Healthy,Healthy,Healthy,Healthy,Healthy,,,,
Sammie Coates,WR,Healthy,Healthy,Healthy,Healthy,Healthy,Healthy,Healthy,,
Sammy Watkins,WR,Healthy,Healthy,Foot,Healthy,Healthy,Healthy,Healthy,Healthy,
Saquon Barkley,RB,Healthy,Healthy,Knee,Healthy,,,,,
Scott Miller,WR,Hamstring,Healthy,Toe,,,,,,
Sean Mannion,QB,Healthy,Healthy,Healthy,Healthy,Healthy,Healthy,Healthy,,
Sean Renfree,QB,Shoulder,Healthy,Healthy,Healthy,Healthy,,,,
Seth Devalve,TE,Healthy,Healthy,Healthy,Healthy,Healthy,Healthy,,,
Seth Williams,WR,Healthy,,,,,,,,
Shaquelle Evans,WR,Shoulder,Healthy,Healthy,Healthy,Healthy,Healthy,Healthy,Healthy,
Shelton Gibson,WR,Healthy,Healthy,Ankle,Healthy,Healthy,,,,
Shi Smith,WR,Healthy,,,,,,,,
Simi Fehoko,WR,Healthy,,,,,,,,
Sony Michel,RB,Healthy,Healthy,Quadriceps,Healthy,,,,,
Spencer Ware,RB,Ankle,Healthy,Healthy,Healthy,Knee,Healthy,Abdomen,Healthy,
Stacy Coley,WR,Healthy,Hamstring,Healthy,Healthy,,,,,
Stedman Bailey,WR,Healthy,Healthy,Healthy,Healthy,Healthy,,,,
Stefon Diggs,WR,Healthy,Healthy,Healthy,Healthy,Healthy,Healthy,Healthy,,
Stepfan Taylor,RB,Healthy,Healthy,Healthy,Healthy,Healthy,Healthy,Healthy,Healthy,
Stephen Sullivan,TE,Healthy,Healthy,,,,,,,
Sterling Shepard,WR,Healthy,Healthy,Healthy,Healthy,Toe,Achilles,,,
Storm Johnson,RB,Healthy,Healthy,Healthy,Healthy,Healthy,,,,
Sutton Smith,RB,Healthy,Healthy,Healthy,,,,,,
T.J. Hockenson,TE,Ankle,Healthy,Hand,,,,,,
T.J. Jones,WR,Shoulder,Healthy,Healthy,Shoulder,Healthy,Healthy,,,
T.J. Logan,RB,Wrist,Healthy,Thumb,Leg,Healthy,,,,
T.J. Yeldon,RB,Healthy,Ankle,Healthy,Healthy,Healthy,Healthy,Healthy,,
Tajae Sharpe,WR,Healthy,Foot,Healthy,Healthy,Healthy,Healthy,,,
Tajh Boyd,QB,Healthy,Healthy,,,,,,,
Tanner Lee,QB,Healthy,Healthy,,,,,,,
Tarik Cohen,RB,Healthy,Healthy,Healthy,Knee,Knee,,,,
Tavarres King,WR,Healthy,Healthy,Healthy,Healthy,Concussion,Leg,,,
Tavon Austin,WR,Healthy,Healthy,Healthy,Healthy,Healthy,Healthy,Healthy,Knee,Quadriceps
Taywan Taylor,WR,Healthy,Healthy,Healthy,Neck,Undisclosed,,,,
Ted Bolser,TE,Healthy,Healthy,,,,,,,
Teddy Bridgewater,QB,Healthy,Healthy,Knee,Knee,Healthy,Healthy,Healthy,Healthy,
Tee Higgins,WR,Healthy,Healthy,,,,,,,
Temarrick Hemingway,TE,Healthy,Knee,Healthy,Healthy,Wrist,Healthy,,,
Terrace Marshall,WR,Healthy,,,,,,,,
Terrance West,RB,Healthy,Healthy,Healthy,Healthy,Healthy,,,,
Terrance Williams,WR,Healthy,Healthy,Healthy,Healthy,Healthy,Foot,Healthy,Healthy,
Terry Godwin,WR,Healthy,Healthy,Undisclosed,,,,,,
Terry McLaurin,WR,Healthy,Healthy,Healthy,,,,,,
Tevin Coleman,RB,Healthy,Healthy,Healthy,Healthy,Healthy,Knee,Healthy,,
Tevin Reese,WR,Healthy,Healthy,,,,,,,
Theo Riddick,RB,Healthy,Healthy,Healthy,Wrist,Healthy,Healthy,Shoulder,Healthy,
Thomas Duarte,TE,Healthy,Healthy,Healthy,Healthy,,,,,
Todd Gurley,RB,Healthy,Healthy,Healthy,Healthy,Healthy,Healthy,Healthy,,
Tom Savage,QB,Healthy,Shoulder,Healthy,Concussion,Healthy,Healthy,,,
Tommy Bohanon,RB,Healthy,Clavicle,Healthy,Healthy,Healthy,Healthy,Healthy,Healthy,
Tommy Stevens,QB,Healthy,Healthy,,,,,,,
Tommy Sweeney,TE,Healthy,Foot,Healthy,,,,,,
Tommy Tremble,TE,Healthy,,,,,,,,
Tony Pollard,RB,Healthy,Healthy,Healthy,,,,,,
Trace McSorley,QB,Healthy,Knee,Healthy,,,,,,
Travis Etienne,RB,Foot,,,,,,,,
Travis Fulgham,WR,Healthy,Healthy,Healthy,,,,,,
Travis Homer,RB,Healthy,Knee,Healthy,,,,,,
Travis Kelce,TE,Knee,Healthy,Healthy,Healthy,Healthy,Healthy,Healthy,Healthy,
Trayveon Williams,RB,Healthy,Healthy,Healthy,,,,,,
Tre Mason,RB,Healthy,Healthy,Healthy,Healthy,Healthy,Healthy,,,
Tre McBride,WR,Healthy,Healthy,Healthy,Healthy,Healthy,Healthy,Healthy,,
Tre Nixon,WR,Healthy,,,,,,,,
Tre' McKitty,TE,Healthy,,,,,,,,
Tre'Quan Smith,WR,Healthy,Healthy,Ankle,Hamstring,,,,,
Trent Taylor,WR,Healthy,Healthy,Foot,Healthy,Healthy,,,,
Trenton Cannon,RB,Healthy,Foot,Healthy,Concussion,,,,,
Trevon Wesco,TE,Healthy,Ankle,Knee,,,,,,
Trevor Davis,WR,Healthy,Healthy,Hamstring,Healthy,Healthy,Healthy,,,
Trevor Lawrence,QB,Healthy,,,,,,,,
Trevor Siemian,QB,Healthy,Healthy,Shoulder,Healthy,Ankle,Healthy,Healthy,,
Trey Lance,QB,Healthy,,,,,,,,
Trey Millard,RB,Healthy,Healthy,Knee,Healthy,Healthy,Healthy,Healthy,Healthy,
Trey Quinn,WR,Ankle,Concussion,Healthy,Undisclosed,,,,,
Trey Sermon,RB,Ankle,,,,,,,,
Troy Fumagalli,TE,Hernia,Healthy,Abdomen,Undisclosed,,,,,
Troy Niklas,TE,Ankle,Healthy,Wrist,Healthy,Healthy,Leg,,,
Tua Tagovailoa,QB,Healthy,Ribs,,,,,,,
Ty Johnson,RB,Healthy,Healthy,Healthy,,,,,,
Ty Montgomery,WR,Ankle,Healthy,Wrist,Healthy,Healthy,Hamstring,Healthy,,
Tylan Wallace,WR,Healthy,,,,,,,,
Tyler Boyd,WR,Healthy,Healthy,Knee,Healthy,Healthy,Healthy,,,
Tyler Conklin,TE,Healthy,Healthy,Healthy,Healthy,,,,,
Tyler Davis,TE,Healthy,Healthy,,,,,,,
Tyler Eifert,TE,Healthy,Designated for Return,Healthy,Back,Back,Ankle,Healthy,Healthy,
Tyler Ervin,RB,Healthy,Knee,Healthy,Healthy,Ankle,Healthy,,,
Tyler Gaffney,RB,Knee,Undisclosed,Foot,Undisclosed,Healthy,Healthy,Healthy,Healthy,
Tyler Higbee,TE,Healthy,Healthy,Healthy,Healthy,Healthy,Healthy,,,
Tyler Johnson,WR,Healthy,Healthy,,,,,,,
Tyler Kroft,TE,Healthy,Healthy,Healthy,Foot,Healthy,Healthy,Chest,,
Tyler Lockett,WR,Healthy,Leg,Healthy,Healthy,Healthy,Healthy,Healthy,,
Tyler Wilson,QB,Healthy,Healthy,,,,,,,
Tyreek Hill,WR,Healthy,Healthy,Healthy,Healthy,Healthy,Healthy,,,
Tyrie Cleveland,WR,Healthy,Healthy,,,,,,,
Van Jefferson,WR,Healthy,Healthy,,,,,,,
Vance McDonald,TE,Healthy,Back,Healthy,Shoulder,Healthy,Healthy,Healthy,Healthy,
Vince Mayle,TE,Healthy,Healthy,Healthy,Healthy,Undisclosed,Healthy,Healthy,,
Walter Powell,WR,Healthy,Healthy,Ankle,Healthy,Healthy,Healthy,Healthy,Healthy,
Wayne Gallman,RB,Healthy,Healthy,Healthy,Healthy,Healthy,,,,
Wendell Smallwood,RB,Knee,Healthy,Healthy,Healthy,Healthy,Healthy,,,
Will Dissly,TE,Knee,Achilles,Healthy,Healthy,,,,,
Will Fuller,WR,Healthy,Healthy,Knee,Healthy,Healthy,Finger,,,
Will Grier,QB,Healthy,Healthy,Healthy,,,,,,
Zac Brooks,RB,Healthy,Healthy,Healthy,Healthy,Healthy,Healthy,,,
Zac Dysert,QB,Healthy,Healthy,Healthy,Healthy,Back,Healthy,Healthy,Healthy,
Zac Stacy,RB,Healthy,Healthy,Ankle,Healthy,Healthy,Healthy,,,
Zach Davidson,TE,Healthy,,,,,,,,
Zach Ertz,TE,Healthy,Healthy,Healthy,Healthy,Healthy,Healthy,Healthy,Ankle,
Zach Gentry,TE,Healthy,Knee,Healthy,,,,,,
Zach Mettenberger,QB,Healthy,Healthy,Healthy,Healthy,Healthy,Healthy,Healthy,Healthy,
Zach Wilson,QB,Healthy,,,,,,,,
Zack Moss,RB,Ankle,,,,,,,,
Zay Jones,WR,Healthy,Healthy,Healthy,Healthy,Healthy,,,,
