player,position,1,2,3,4,5,6,7,8,9,10,11
A'Shawn Robinson,DT,,,Knee,,,,Knee,,,,
A.J. Brown,WR,,,Chest,,,,,,,,
A.J. Cann,OG,,,,,,,Knee,,,,
A.J. Derby,TE,,,Shoulder,Foot,,,,,,,
A.J. Epenesa,DE,,,,,,,,,,,
A.J. Klein,LB,,,,,Groin,,,,,,
A.J. McCarron,QB,,,,,,,,Knee,,,
A.J. Terrell,DB,,,,,,,,,,,
A.T. Perry,WR,,,,,,,,,,,
AJ Arcuri,OT,,,,,,,,,,,
AJ Dillon,RB,,,,,,,,,,,
Aaron Banks,OG,,,,,,,,,,,
Aaron Burbridge,WR,,Hamstring,Hamstring,,,,,,,,
Aaron Colvin,DB,,,Ankle,,,,,,,,
Aaron Dobson,WR,,Hamstring,Ankle,,Hamstring,,,,,,
Aaron Donald,DT,,,,,,,,,,,
Aaron Jones,RB,,Knee,,,,,,,,,
Aaron Lynch,LB,,,,,,,,,,,
Aaron Mellette,WR,Knee,,,,,,,,,,
Aaron Murray,QB,,,,,,,,,,,
Aaron Ripkowski,RB,,,,,,,,,,,
Aaron Robinson,DB,Core Muscle,Knee,,,,,,,,,
Aaron Wallace,LB,,Back,,Hamstring,,,,,,,
Abraham Lucas,OT,,Knee,,,,,,,,,
Ace Sanders,WR,,,,,,,,,,,
Adam Bisnowaty,OT,,,,,,,,,,,
Adam Gotsis,DE,,,,Knee,,,,,,,
Adam Shaheen,TE,,Ankle,Foot,,,,,,,,
Adam Trautman,TE,,Knee,,,,,,,,,
Ade Aruna,DE,Knee,,,,,,,,,,
Adetokunbo Ogundeji,LB,,,Foot,,,,,,,,
Adetomiwa Adebawore,DT,,,,,,,,,,,
Adolphus Washington,DT,,,Knee,,,,,,,,
Adoree' Jackson,DB,,,,Knee,,,,,,,
Adrian Amos,DB,,,,,,,,,,,
Adrian Colbert,DB,,Ankle,Hamstring,Shoulder,,,Undisclosed,,,,
Ahkello Witherspoon,DB,,Knee,,,,Hamstring,,,,,
Ahmad Dixon,DB,,,,,,,,,,,
Ahmad Gardner,DB,,,,,,,,,,,
Aidan Hutchinson,DE,,,,,,,,,,,
Aidan O'Connell,QB,,,,,,,,,,,
Akayleb Evans,DB,Concussion,,,,,,,,,,
Akeem Davis,LB,,Foot,,,,,,,,,
Akeem King,DB,,Foot,,,,,,,,,
Akeem Spence,DT,,,Back,,,,,,,,
Al-Quadin Muhammad,DE,,,,,,,,,,,
Alan Bonner,WR,Hamstring,,,,,,,,,,
Albert Okwuegbunam,TE,Knee,Hamstring,,Hamstring,,,,,,,
Alec Ogletree,LB,,,Leg,,,,,,,,
Alec Pierce,WR,,,,,,,,,,,
Alex Anzalone,LB,Shoulder,,Undisclosed,,Shoulder,,,,,,
Alex Armah,RB,,,,,,Undisclosed,,,,,
Alex Austin,DB,,,,,,,,,,,
Alex Cappa,OG,,,Ankle,,,,,,,,
Alex Carter,DB,,,,,,,,,,,
Alex Collins,RB,,,Foot,,,Abdomen,,,,,
Alex Forsyth,C,,,,,,,,,,,
Alex Highsmith,LB,,,,,,,,,,,
Alex Leatherwood,OG,,,,,,,,,,,
Alex Lewis,OG,,,,Ankle,,,,,,,
Alex McCalister,DE,Calf,Hamstring,,,,,,,,,
Alex McGough,QB,,,,,,,,,,,
Alex Okafor,DE,Biceps,,,,Achilles,,Pectoral,Hamstring,,,
Alex Wright,DE,,,,,,,,,,,
Alexander Horvath,RB,,,,,,,,,,,
Alexander Mattison,RB,,,,,,,,,,,
Alfred Blue,RB,,,,,,Ankle,,,,,
Ali Marpet,OG,,,Knee,,,,,,,,
Alijah Vera-Tucker,OG,,Triceps,Achilles,,,,,,,,
Alim McNeill,DT,,,Knee,,,,,,,,
Alizé Mack,TE,,,,Undisclosed,,,,,,,
Allen Robinson,WR,Foot,,,Knee,,,,,Foot,,
Alohi Gilman,DB,,,,,,,,,,,
Alontae Taylor,DB,Knee,,,,,,,,,,
Alton Robinson,DE,,,Knee,,,,,,,,
Alvin Dupree,LB,,Groin,,,,Knee,Abdomen,Pectoral,,,
Alvin Kamara,RB,,,,,,,,,,,
Amani Hooker,DB,,,Foot,,Knee,,,,,,
Amani Oruwariye,DB,,,Thumb,,,,,,,,
Amara Darboh,WR,,,,,,,,,,,
Amari Burney,LB,,,,,,,,,,,
Amari Cooper,WR,,,,,,,,,,,
Amari Rodgers,WR,,,,,,,,,,,
Amarlo Herrera,LB,,,,,,,,,,,
Amaré Barno,LB,,Knee,,,,,,,,,
Ambry Thomas,DB,,,,,,,,,,,
Ameer Abdullah,RB,,Foot,,,,,,,,,
Ameer Speed,DB,,,,,,,,,,,
Amik Robertson,DB,,,,,,,,,,,
Amon-Ra St. Brown,WR,,,,,,,,,,,
Anders Carlson,K,,,,,,,,,,,
Andre Anthony,LB,,,,,,,,,,,
Andre Cisco,DB,,,,,,,,,,,
Andre Debose,WR,,Undisclosed,,,,,,,,,
Andre Dillard,OT,,,,Forearm,,,,,,,
Andre Ellington,RB,,Hernia,,,,,,,,,
Andre Hal,DB,,,,,,,,,,,
Andre Jones,DE,,,,,,,,,,,
Andre Smith,LB,,,,,,,,,,,
Andre Williams,RB,,,,Wrist,,,,,,,
Andrei Iosivas,WR,,,,,,,,,,,
Andrew Billings,DT,,,,,,,,,,,
Andrew Booth,DB,Knee,,,,,,,,,,
Andrew Brown,DE,,,,,,,,,,,
Andrew Donnal,OG,,,,,,,,,,,
Andrew Jackson,LB,,,,,,,,,,,
Andrew Ogletree,TE,Knee,,,,,,,,,,
Andrew Stueber,OT,,,,,,,,,,,
Andrew Thomas,OT,,Ankle,,,,,,,,,
Andrew Van Ginkel,LB,Foot,,,,Foot,,,,,,
Andrew Vorhees,OG,,,,,,,,,,,
Andrus Peat,OG,,,Leg,,,,Pectoral,,,,
Andy Gallik,C,,Knee,,,,,,,,,
Andy Isabella,WR,,,,,,,,,,,
Andy Janovich,RB,Ankle,,,Elbow,,Hamstring,,,,,
Anfernee Jennings,LB,,,,,,,,,,,
Angelo Blackson,DE,,,,,,,,,,,
Anthony Averett,DB,,,Shoulder,,Thumb,,,,,,
Anthony Barr,LB,Knee,,,,,,Pectoral,,,,
Anthony Bradford,OG,,,,,,,,,,,
Anthony Brown,DB,,,,Triceps,Ribs,,Achilles,,,,
Anthony Chickillo,LB,,,,,,,,,,,
Anthony Hitchens,LB,,,,,,,,,,,
Anthony Johnson,DB,,,,,,,,,,,
Anthony McFarland,RB,,Undisclosed,,,,,,,,,
Anthony Miller,WR,,,,,,,,,,,
Anthony Morris,OT,Undisclosed,,,,,,,,,,
Anthony Nelson,LB,,,,,,,,,,,
Anthony Richardson,QB,Shoulder,,,,,,,,,,
Anthony Schwartz,WR,,Concussion,Hamstring,,,,,,,,
Anthony Walker,LB,,,,,Hamstring,Quadriceps,Knee,,,,
Anthony Zettel,DE,,,,,,,,,,,
Antoine Brooks,DB,,Leg,,,,,,,,,
Antoine Green,WR,,,,,,,,,,,
Antoine Winfield,DB,,,,,,,,,,,
Anton Harrison,OT,,,,,,,,,,,
Antone Exum,DB,,Ribs,Leg,,,,,,,,
Antonio Callaway,WR,,,,,,,,,,,
Antonio Gandy-Golden,WR,Hamstring,,,,,,,,,,
Antonio Garcia,OT,,,,,,,,,,,
Antonio Gibson,RB,,,Foot,,,,,,,,
Antonio Johnson,DB,,,,,,,,,,,
Antonio Morrison,LB,,,,,,,,,,,
Antwione Williams,LB,,,,,,,,,,,
ArDarius Stewart,WR,,,,,,,,,,,
Arden Key,LB,,Foot,,,,,,,,,
Arie Kouandjio,OG,,,,,,,,,,,
Arik Armstead,DE,,Shoulder,Hand,,,,,,,,
Arlington Hambright,OG,,,,,,,,,,,
Armani Watts,DB,Groin,,,,Ankle,,,,,,
Armon Watts,DT,Leg,,,,,,,,,,
Armonty Bryant,DE,,Knee,,Knee,,,,,,,
Arnold Ebiketie,LB,,,,,,,,,,,
Arthur Brown,LB,,Thigh,,,,,,,,,
Arthur Lynch,TE,Back,,,,,,,,,,
Artie Burns,DB,,,,,,,,,,,
Asante Samuel,DB,,,,,,,,,,,
Ashtyn Davis,DB,Foot,Foot,,,,,,,,,
Asim Richards,OT,,,,,,,,,,,
Atonio Mafi,OG,,,,,,,,,,,
Auden Tate,WR,,Knee,Shoulder,Calf,,,,,,,
Austin Blythe,C,,,,,,,,,,,
Austin Bryant,DL,Upper Body,Undisclosed,,,,,,,,,
Austin Corbett,OG,,,,,,Knee,,,,,
Austin Cutting,LS,,,,,,,,,,,
Austin Deculus,OT,,,,,,,,,,,
Austin Hooper,TE,,,,,,,,,,,
Austin Jackson,OG,Foot,,Ankle,,,,,,,,
Austin Johnson,DT,,,,,,,Knee,,,,
Austin Proehl,WR,,,,,,,,,,,
Austin Reiter,C,,Knee,,,,,,,,,
Austin Seferian-Jenkins,TE,Back,,,,Abdomen,,,,,,
Austin Seibert,K,,,Hip,,,,,,,,
Austin Shepherd,OT,,,,,,,,,,,
Avery Moss,DE,,,,,,,,,,,
Avery Williams,RB,,,,,,,,,,,
Avery Williamson,LB,,,,,,Knee,,,,,
Avonte Maddox,DB,,,Knee,,Hamstring,Pectoral,,,,,
Azeem Victor,LB,,,,,,,,,,,
Azeez Ojulari,LB,,Calf,Ankle,,,,,,,,
B.J. Daniels,QB,,,,,,,,,,,
B.J. Dubose,DE,,,,,,,,,,,
B.J. Goodson,LB,,Ankle,,,,,,,,,
B.J. Hill,DT,,,,,,,,,,,
B.W. Webb,DB,,,,,,,,,,,
BJ Ojulari,LB,,,,,,,,,,,
BJ Thompson,DE,,,,,,,,,,,
Bacarri Rambo,DB,,,,,,,,,,,
Bailey Zappe,QB,,,,,,,,,,,
Baker Mayfield,QB,,,,Shoulder,,,,,,,
Barkevious Mingo,LB,,,,,,,,,,,
Baron Browning,LB,,,Knee,,,,,,,,
Barrett Jones,OG,,,,,,,,,,,
Bashaud Breeland,DB,,,,,,,,,,,
Baylon Spector,LB,,Hamstring,,,,,,,,,
Beau Allen,DT,,,,,,,,,,,
Beau Sandland,TE,,,,,,,,,,,
Ben Banogu,DE,,,,,,,,,,,
Ben Bartch,OG,,,Knee,,,,,,,,
Ben Bredeson,OG,Knee,,Knee,,,,,,,,
Ben Burr-Kirven,LB,,,Knee,,,,,,,,
Ben Cleveland,OG,Knee,,,,,,,,,,
Ben DiNucci,QB,,,,,,,,,,,
Ben Gardner,DE,,,,,,,,,,,
Ben Gedeon,LB,,,Concussion,,,,,,,,
Ben Heeney,LB,,Undisclosed,Undisclosed,Ankle,,,,,,,
Ben Koyack,TE,,,,Undisclosed,,,,,,,
Ben Mason,TE,,,,,,,,,,,
Ben Powers,OG,,,,,,,,,,,
Ben Skowronek,WR,,,,,,,,,,,
Benardrick McKinney,LB,,,,,,Shoulder,,,,,
Bene Benwikere,DB,,Leg,,,,,,,,,
Benjamin Snell,RB,,,,,,,,,,,
Benjamin St-Juste,DB,Concussion,Ankle,,,,,,,,,
Bennett Jackson,DB,,Knee,,,Undisclosed,,Hamstring,,,,
Bennie Logan,DT,,,Calf,,,,,,,,
Bernhard Raimann,OT,,,,,,,,,,,
Bijan Robinson,RB,,,,,,,,,,,
Bilal Nichols,DT,,,,,,,,,,,
Billy Price,C,,,,,,,,,,,
Billy Turner,OG,,,,Hand,,,,,Knee,,
Bishop Sankey,RB,,,,Knee,,,,,,,
Bjoern Werner,DE,,,,,,,,,,,
Blair Brown,LB,,,,,,,,,,,
Blake Bell,TE,,Shoulder,Shoulder,,,,,Hip,,,
Blake Bortles,QB,,,,,,,,,,,
Blake Brandel,OG,,,Knee,,,,,,,,
Blake Cashman,LB,Shoulder,Groin,Hamstring,,,,,,,,
Blake Countess,DB,,,,,,Undisclosed,,,,,
Blake Ferguson,LS,,,,,,,,,,,
Blake Freeland,OT,,,,,,,,,,,
Blake Martinez,LB,,,,,,Knee,,,,,
Blessuan Austin,DB,,Neck,,,,,,,,,
Blidi Wreh-Wilson,DB,,Shoulder,,,,,,,,,
Bo Melton,WR,,,,,,,,,,,
Bo Scarbrough,RB,,,Undisclosed,,,,,,,,
Bobby Brown,DT,,,Knee,,,,,,,,
Bobby Evans,OT,,,,,,,,,,,
Bobby Hart,OT,,,Undisclosed,,,,,,,,
Bobby McCain,DB,,,,,Shoulder,,,,,,
Bobby Okereke,LB,,,,,,,,,,,
Boston Scott,RB,,,,,,,,,,,
Boye Mafe,LB,,,,,,,,,,,
Brad Kaaya,QB,,Back,,,,,,,,,
Brad Robbins,P,,,,,,,,,,,
Brad Seaton,OT,,,,,Undisclosed,,,,,,
Brad Sorensen,QB,,,,,,,,,,,
Braden Mann,P,,Knee,,,,,,,,,
Braden Smith,OT,,,,,,,,,,,
Braden Wilson,RB,,,,,,,,,,,
Bradlee Anae,DE,,,,,,,,,,,
Bradley Bozeman,C,,,,,,,,,,,
Bradley Chubb,LB,,Knee,,Ankle,,Knee,,,,,
Bradley Pinion,P,,,,,,,,,,,
Bradley Roby,DB,,,,,,,,,Ankle,,
Brady Breeze,DB,Ankle,Undisclosed,,,,,,,,,
Brady Christensen,OG,,,Biceps,,,,,,,,
Braeden Daniels,OG,Undisclosed,,,,,,,,,,
Brandin Cooks,WR,Thumb,,,,,,,,,,
Brandin Echols,DB,Quadriceps,Quadriceps,,,,,,,,,
Brandon Aiyuk,WR,,,,,,,,,,,
Brandon Allen,QB,,Back,,,,,,,,,
Brandon Dixon,DB,,,,,,,,,,,
Brandon Doughty,QB,,,,,,,,,,,
Brandon Hepburn,LB,,,,,,,,,,,
Brandon Hill,DB,,,,,,,,,,,
Brandon Jenkins,LB,,,,,,,,,,,
Brandon Jones,DB,,,Knee,,,,,,,,
Brandon Linder,C,,Shoulder,,,Knee,,Ankle,Knee,,,
Brandon McGee,DB,,Foot,,Undisclosed,,,,,,,
Brandon Parker,OT,,,,,Triceps,Undisclosed,,,,,
Brandon Scherff,OG,,,,Pectoral,Elbow,Knee,,,,,
Brandon Shell,OT,,,Knee,,,Shoulder,,,,,
Brandon Smith,LB,Ankle,,,,,,,,,,
Brandon Stephens,DB,,,,,,,,,,,
Brandon Thomas,OG,,,,,Knee,Knee,,,,,
Brandon Watts,LB,,,,Back,,,,,,,
Brandon Williams,DB,,,,Shoulder,Groin,,,,,,
Brandon Williams,DT,,,,,,,,,,,
Brandon Wilson,DB,,,Hand,,Knee,,,,,,
Bravvion Roy,DT,,,Hamstring,,,,,,,,
Braxton Berrios,WR,Undisclosed,,,Quadriceps,,,,,,,
Braxton Jones,OT,,Neck,,,,,,,,,
Braxton Miller,WR,Shoulder,,,,,,,,,,
Brayden Willis,TE,,,,,,,,,,,
Breece Hall,RB,Knee,,,,,,,,,,
Breeland Speaks,DE,,Knee,,,,,,,,,
Brendan Langley,DB,,,,,,,,,,,
Brenden Jaimes,OG,,,,,,,,,,,
Brennan Williams,OT,Knee,,Knee,,,,,,,,
Brent Urban,DE,,Biceps,,Foot,,,,Triceps,,,
Brenton Strange,TE,,,,,,,,,,,
Breshad Perriman,WR,,,,,,,,,,,
Brett Hundley,QB,,,,,,,,,,,
Brevin Jordan,TE,,,,,,,,,,,
Brian Allen,C,,Knee,,,,,,,,,
Brian Allen,DB,,,Ankle,,,,,,,,
Brian Asamoah,LB,,,,,,,,,,,
Brian Branch,DB,,,,,,,,,,,
Brian Burns,LB,,,,,,,,,,,
Brian Cole,LB,,,,,,,,,,,
Brian Hill,RB,,,,,Undisclosed,,,,,,
Brian Mihalik,OT,,Knee,,,,,,,,,
Brian O'Neill,OT,,,,,Calf,,,,,,
Brian Robinson,RB,,,,,,,,,,,
Brian Schwenke,C,,Knee,Ankle,,,Foot,,,,,
Brian Winters,OG,,Knee,,Shoulder,Abdomen,,Shoulder,,,,
Brice Butler,WR,,,,,,,,,,,
Brittain Brown,RB,,,,,,,,,,,
Brock Purdy,QB,,,,,,,,,,,
Brock Vereen,DB,,,,,,,,,,,
Broderick Jones,OT,,,,,,,,,,,
Broderick Washington,DT,,,,,,,,,,,
Brodric Martin,DT,,,,,,,,,,,
Bronson Kaufusi,DE,,,,,,,,,,,
Bruce Ellington,WR,,,Hamstring,Hamstring,Hamstring,,,,,,
Bryan Bresee,DT,,,,,,,,,,,
Bryan Cook,DB,,Ankle,,,,,,,,,
Bryan Edwards,WR,,,,,,,,,,,
Bryan Stork,C,,Concussion,,,,,,,,,
Bryce Baringer,P,,,,,,,,,,,
Bryce Hager,LB,,,,,Shoulder,,,,,,
Bryce Hall,DB,,,,,,,,,,,
Bryce Love,RB,,,,,,,,,,,
Bryce Petty,QB,,Shoulder,,Oblique,,,,,,,
Bryce Young,QB,,,,,,,,,,,
Brycen Hopkins,TE,,,,,,,,,,,
Bucky Hodges,TE,Concussion,,,,,,,,,,
Bud Sasser,WR,,,,,,,,,,,
Budda Baker,DB,,,,,,Shoulder,,,,,
Buddy Johnson,LB,Foot,,Undisclosed,,,,,,,,
Byron Cowart,DT,,,,,,,,,,,
Byron Jones,DB,,,,,,,,,,,
Byron Murphy,DB,,,,Back,,,,,,,
Byron Young,DT,,,,,,,,,,,
Byron Young,LB,,,,,,,,,,,
C.J. Beathard,QB,,,,,,,,,,,
C.J. Fiedorowicz,TE,,,,Concussion,,,,,,,
C.J. Henderson,DB,Groin,,,,,,,,,,
C.J. Mosley,LB,,,,,,Groin,,,,,
C.J. Prosise,RB,,Ankle,Abdomen,Arm,,,,,,,
C.J. Stroud,QB,,,,,,,,,,,
C.J. Uzomah,TE,,,,,,Achilles,,,Knee,,
Cade Mays,OG,,,,,,,,,,,
Cade Otton,TE,,,,,,,,,,,
Cade York,K,,,,,,,,,,,
Caden Sterns,DB,,Hip,Knee,,,,,,,,
Caleb Benenoch,OG,,,,,,,,,,,
Caleb Brantley,DT,,,Foot,,,,,,,,
Caleb Farley,DB,Knee,Back,,,,,,,,,
Caleb Sturgis,K,,,,,Hip,,,,,,
Caleb Wilson,TE,,,,,,,,,,,
Calijah Kancey,DT,,,,,,,,,,,
Calvin Austin,WR,,,,,,,,,,,
Calvin Pryor,DB,,,,Ankle,,,,,,,
Calvin Ridley,WR,,Abdomen,,,,,,,,,
Cam Akers,RB,,,,Achilles,,,,,,,
Cam Brown,LB,,Hamstring,,,,,,,,,
Cam Robinson,OT,,Knee,,,,Knee,Knee,,,,
Cam Smith,DB,,,,,,,,,,,
Cam Taylor-Britt,DB,Core Muscle,Ankle,,,,,,,,,
Camaron Cheeseman,LS,,,,,,,,,,,
Cameron Artis-Payne,RB,,,,,,,,,,,
Cameron Clark,OT,Shoulder,,,,,,,,,,
Cameron Dantzler,DB,,,Ankle,Undisclosed,,,,,,,
Cameron Erving,OT,,,,,,Knee,Calf,,,,
Cameron Fleming,OT,,,,,,,,,,,
Cameron Goode,LB,,Knee,,,,,,,,,
Cameron Jurgens,OG,,Foot,,,,,,,,,
Cameron Latu,TE,Knee,,,,,,,,,,
Cameron McGrone,LB,,,,,,,,,,,
Cameron Mitchell,DB,Hamstring,,,,,,,,,,
Cameron Sample,DE,,,,,,,,,,,
Cameron Smith,LB,,,,,,,,,,,
Cameron Sutton,DB,Hamstring,,,,,,,,,,
Cameron Thomas,LB,,,,,,,,,,,
Cameron Young,DT,,,,,,,,,,,
Camryn Bynum,DB,,,,,,,,,,,
Caraun Reid,DT,,,Knee,,,,,,,,
Cardale Jones,QB,,,,,,,,,,,
Carl Bradford,LB,,,,,,,,,,,
Carl Davis,DT,,Ankle,,,,Concussion,,,,,
Carl Lawson,DE,,Knee,,,Achilles,,,,,,
Carl Nassib,DE,,,,,,,,,,,
Carlos Basham,LB,,,,,,,,,,,
Carlos Davis,DT,,Knee,,,,,,,,,
Carlos Henderson,WR,Thumb,,,,,,,,,,
Carlos Hyde,RB,,Foot,Knee,,,,,Concussion,,,
Carlos Watkins,DE,,,,,,,Biceps,,,,
Carlton Davis,DB,,,,Quadriceps,,,,,,,
Carrington Valentine,DB,,,,,,,,,,,
Carson Wentz,QB,,Knee,,,,,Finger,,,,
Cartavious Bigsby,RB,,,,,,,,,,,
Carter Bykowski,OT,,,Pectoral,,,,,,,,
Carter Coughlin,LB,,Ankle,,,,,,,,,
Carter Warren,OT,Undisclosed,,,,,,,,,,
Casey Toohill,DE,,,,,,,,,,,
Cassh Maluia,LB,,,,,,,,,,,
Cassius Marsh,LB,Foot,,,,,,,Knee,,,
Cedric Ogbuehi,OT,,Shoulder,,,,,Biceps,Groin,,,
Cedric Thompson,DB,,,,,,,,,,,
Cedric Tillman,WR,,,,,,,,,,,
Cedrick Wilson,WR,,Knee,,,,,,,,,
CeeDee Lamb,WR,,,,,,,,,,,
Cesar Ruiz,OG,,,Foot,,,,,,,,
Chad Hansen,WR,,,,,,,,,,,
Chad Kelly,QB,,,,,,,,,,,
Chad Muma,LB,,,,,,,,,,,
Chad Ryland,K,,,,,,,,,,,
Chad Thomas,DE,,,,,,,,,,,
Chad Williams,WR,,,,,Hamstring,,,,,,
Chamarri Conner,DB,,,,,,,,,,,
Chance Campbell,LB,Knee,Undisclosed,,,,,,,,,
Chance Warmack,OG,,,,Finger,,,,,,,
Chandler Cox,RB,,,,,,,,,,,
Chandler Zavala,OG,Knee,,,,,,,,,,
Channing Tindall,LB,,,,,,,,,,,
Chapelle Russell,LB,,,,Knee,,,,,,,
Charles Cross,OT,,,,,,,,,,,
Charles Gaines,DB,Hamstring,,Eye,,,,,,,,
Charles Harris,LB,,,,,,Groin,,,,,
Charles Johnson,WR,,,,,,,,,,,
Charles Leno,OT,,,,,,,,,,Calf,
Charles Omenihu,DE,,,,,Knee,,,,,,
Charles Sims,RB,Ankle,,Knee,,Knee,,,,,,
Charles Tapper,DE,,Foot,,,,,,,,,
Charlie Heck,OT,,,,Foot,,,,,,,
Charlie Jones,WR,Thumb,,,,,,,,,,
Charlie Kolar,TE,Hernia,,,,,,,,,,
Charlie Woerner,TE,,,,,,,,,,,
Charone Peake,WR,,Ankle,,,,,,,,,
Chase Brown,RB,Hamstring,,,,,,,,,,
Chase Claypool,WR,,,,,,,,,,,
Chase Edmonds,RB,,,,Ankle,Ankle,Knee,,,,,
Chase Lucas,DB,Hamstring,,,,,,,,,,
Chase Roullier,C,,,,,Leg,Knee,,,,,
Chase Winovich,DE,,,Hamstring,Hamstring,,,,,,,
Chase Young,DE,,Knee,Knee,,,,,,,,
Chasen Hines,C,Undisclosed,,,,,,,,,,
Chatarius Atwell,WR,Shoulder,,,,,,,,,,
Chauncey Gardner-Johnson,DB,,,Foot,Kidney,Pectoral,,,,,,
Chauncey Golston,DE,,,,,,,,,,,
Chaz Green,OT,Hip,Back,,,,,,,,,
Chazz Surratt,LB,,,,,,,,,,,
Chidobe Awuzie,DB,,,,Hamstring,,Knee,,,,,
Chigoziem Okonkwo,TE,,,,,,,,,,,
Chris Borland,LB,Ankle,,,,,,,,,,
Chris Carson,RB,Leg,,Hip,,Neck,,,,,,
Chris Claybrooks,DB,Groin,,,,,,,,,,
Chris Conley,WR,,,Achilles,,,,,,,,
Chris Covington,LB,,,,,,,,,,,
Chris Evans,RB,,,,,,,,,,,
Chris Garrett,LB,,,,,,,,,,,
Chris Godwin,WR,,,,,Knee,,,,,,
Chris Gragg,TE,,,,Knee,Ankle,,,,,,
Chris Harper,WR,,,,,,,,,,,
Chris Herndon IV,TE,,Ribs,,,,,,,,,
Chris Jackson,DB,,Foot,Undisclosed,,,,,,,,
Chris Jones,DT,,,,,Undisclosed,,,,,,
Chris Lindstrom,OG,Foot,,,,,,,,,,
Chris Moore,WR,,,,,Thigh,,,,,,
Chris Oladokun,QB,,,,,,,,,,,
Chris Olave,WR,,,,,,,,,,,
Chris Paul,OG,,,,,,,,,,,
Chris Rumph,LB,,,Foot,,,,,,,,
Chris Slayton,DT,,,,,,,,,,,
Chris Smith,DE,,,,,,,,,,,
Chris Thompson,RB,Shoulder,,,,Leg,,,Back,,,
Chris Watt,C,,Shoulder,,,,,,,,,
Chris Wilcox,DB,,,,,,,,,,,
Chris Williamson,DB,,,,,,,,,,,
Chris Wormley,DE,,,,Knee,,Knee,,,,,
Christian Barmore,DT,,Knee,,,,,,,,,
Christian Benford,DB,Oblique,,,,,,,,,,
Christian Braswell,DB,Hamstring,,,,,,,,,,
Christian Bryant,DB,,,,,,,,,,,
Christian Campbell,DB,,Undisclosed,,,,,,,,,
Christian Covington,DT,,,Biceps,,,,,Pectoral,,,
Christian Darrisaw,OT,,,,,,,,,,,
Christian Gonzalez,DB,Shoulder,,,,,,,,,,
Christian Hackenberg,QB,,,,,,,,,,,
Christian Harris,LB,Hamstring,,,,,,,,,,
Christian Holmes,DB,,Concussion,,,,,,,,,
Christian Kirk,WR,Foot,,,,,Core Muscle,,,,,
Christian Kirksey,LB,,,,,Hamstring,Chest,Pectoral,Thumb,,,
Christian Matthew,DB,,,,,,,,,,,
Christian McCaffrey,RB,,,,Ankle,Hamstring,,,,,,
Christian Miller,LB,,,,,,,,,,,
Christian Ringo,DT,,,,,,,,,,,
Christian Sam,LB,Undisclosed,,,,,,,,,,
Christian Watson,WR,,,,,,,,,,,
Christian Westerman,OG,,,,,,,,,,,
Christian Wilkins,DT,,,,,,,,,,,
Christine Michael,RB,,,,,,,,,,,
Christopher Rodriguez,RB,Ankle,,,,,,,,,,
Christopher Smith,DB,,,,,,,,,,,
Chuba Hubbard,RB,,,,,,,,,,,
Chuck Clark,DB,,,,,,,,,,,
Chukwuma Okorafor,OT,,,,,,,,,,,
Chuma Edoga,OT,Knee,,Knee,Knee,,,,,,,
Clark Phillips,DB,,,,,,,,,,,
Clay Johnston,LB,,,,,,,,,,,
Clayton Fejedelem,DB,,,,,,,Undisclosed,,,,
Clayton Geathers,DB,,Neck,Neck,,,,,,,,
Clayton Thorson,QB,,,Concussion,,,,,,,,
Clayton Tune,QB,,,,,,,,,,,
Clelin Ferrell,DE,,Shoulder,,,Knee,,,,,,
Clive Walford,TE,,,Concussion,,,,,,,,
Clyde Edwards-Helaire,RB,,Knee,Ankle,,,,,,,,
Cobi Hamilton,WR,,,,,,,,,,,
Coby Bryant,DB,,Toe,,,,,,,,,
Cody Barton,LB,,,,,Ankle,,,,,,
Cody Core,WR,,,,,,,,,,,
Cody Ford,OG,,Knee,,Ankle,,,,,,,
Cody Kessler,QB,,,,,,,,,,,
Cody Latimer,WR,,,,,Hamstring,,,,,,
Cody Mauch,OG,,,,,,,,,,,
Cody Whitehair,C,,,,,,,Knee,,,,
Cody Wichmann,OG,,,,,,,,,,,
Colby Gossett,OG,,,,,,,,,,,
Colby Parkinson,TE,,Foot,,,,,,,,,
Colby Sorsdal,OT,,,,,,,,,,,
Colby Wooden,DE,,,,,,,,,,,
Cole Holcomb,LB,,,,Foot,Knee,,,,,,
Cole Kmet,TE,,,,,,,,,,,
Cole Madison,OT,,Knee,,,,,,,,,
Cole McDonald,QB,,,,,,,,,,,
Cole Strange,OG,,Knee,,,,,,,,,
Cole Toner,C,,,,,,Undisclosed,,,,,
Cole Turner,TE,,,,,,,,,,,
Cole Van Lanen,OG,,,,,,,,,,,
Colin Holba,LS,,,,,,,,,,,
Collin Johnson,WR,Hamstring,,Achilles,,,,,,,,
Colton Dowell,WR,Knee,,,,,,,,,,
Colton McKivitz,OT,,,Knee,,,,,,,,
Connor Cook,QB,,,,,,,,,,,
Connor Heyward,TE,,,,,,,,,,,
Connor McGovern,C,,,,,,Knee,,Knee,,,
Connor McGovern,OG,,,,,,,,,,,
Connor Williams,OG,,Knee,,,,Knee,,,,,
Conor McDermott,OT,,,,,Knee,,Undisclosed,,,,
Cooper Hodges,OT,Knee,,,,,,,,,,
Cooper Kupp,WR,,Knee,,,,Ankle,Hamstring,,,,
Cooper Taylor,DB,Hamstring,Foot,,,,,,,,,
Cordale Flott,DB,,,,,,,,,,,
Cordarrelle Patterson,RB,,,,,,,,,,Knee,
Cordell Volson,OG,,,,,,,,,,,
Cordrea Tankersley,DB,,Knee,,,,,,,,,
Corey Ballentine,DB,,,Knee,,,,,,,,
Corey Coleman,WR,,Hand,,,,,,,,,
Corey Davis,WR,,,,,Groin,,,,,,
Corey Fuller,WR,,,,Foot,Undisclosed,,,,,,
Corey Lemonier,LB,,,,,Foot,,,,,,
Corey Levin,C,,,,,,,,,,,
Corey Linsley,C,,,Hamstring,,,,Knee,,,,
Corey Nelson,LB,,,,Elbow,,Biceps,,,,,
Corey Robinson,OT,,Foot,Foot,,,,,,,,
Corn Elder,DB,,,,,,,,,,,
Cornelius Washington,DE,,,Quadriceps,,,,,,,,
Cornell Armstrong,DB,,,,Undisclosed,Undisclosed,,,,,,
Cornell Powell,WR,,,,,,,,,,,
Cornellius Carradine,DE,Knee,,,,Ankle,,,,,,
Cortez Broughton,DT,,,,,,,,,,,
Cory James,LB,,Knee,,,,,,,,,
Cory Trice,DB,Leg,,,,,,,,,,
Courtland Sutton,WR,,,Knee,,,,,,,,
Craig Mager,DB,,Shoulder,,Hamstring,,,,,,,
Creed Humphrey,C,,,,,,,,,,,
Crockett Gillmore,TE,,Back,,,,,,,,,
Cullen Gillaspia,RB,,Back,,Knee,,,,,,,
Curtis Brooks,DT,,,,,,,,,,,
Curtis Samuel,WR,Ankle,,,,Groin,,,,,,
Curtis Weaver,LB,,,,,,,,,,,
Cyril Richardson,OG,,,,,,,,,,,
Cyrus Jones,DB,,Knee,,,,,,,,,
Cyrus Kouandjio,OT,,,,,,,,,,,
D'Andre Swift,RB,,,,,,,,,,,
D'Andre Walker,LB,,,,,,,,,,,
D'Ante Smith,OT,Knee,,,,,,,,,,
D'Joun Smith,DB,Knee,Ankle,,,,,,,,,
D'Marco Jackson,LB,,,,,,,,,,,
D'Onta Foreman,RB,Achilles,Achilles,Biceps,,,,,,,,
D'Wayne Eskridge,WR,Concussion,Hand,Ribs,,,,,,,,
D.C. Jefferson,TE,,Toe,,,,,,,,,
D.J. Alexander,LB,,,,,Foot,,,,,,
D.J. Chark,WR,,,,Ankle,Ankle,,,,,,
D.J. Davidson,DT,Knee,,,,,,,,,,
D.J. Fluker,OT,,,,,Toe,,,,,,
D.J. Hayden,DB,Hernia,Foot,,Hamstring,,,,Hamstring,,,
D.J. Humphries,OT,,,Knee,Knee,,,,Back,Knee,,
D.J. Johnson,LB,,,,,,,,,,,
D.J. Jones,DT,,,Ankle,,,,,,,,
D.J. Moore,WR,,,,,,,,,,,
D.J. Reader,DT,,Undisclosed,,,Quadriceps,,Knee,Quadriceps,,,
D.J. Reed,DB,,,,,,,,,,,
D.J. Swearinger,DB,,,,,,,,,,,
D.J. White,DB,,,,,,,,,,,
D.J. Wonnum,LB,,,,Quadriceps,,,,,,,
D.K. Metcalf,WR,,,,,,,,,,,
DJ Ivey,DB,Knee,,,,,,,,,,
DJ Turner,DB,,,,,,,,,,,
Da'Ron Brown,WR,,,,,,,,,,,
Da'Shawn Hand,DT,Knee,Ankle,Ankle,Groin,Quadriceps,,,,,,
DaQuan Jones,DT,,,,Biceps,,,,,,Pectoral,
DaRon Bland,DB,,,,,,,,,,,
Dadi Nicolas,LB,Knee,,,Undisclosed,,,,,,,
DaeSean Hamilton,WR,,,,,,,,,,,
Daelin Hayes,LB,Ankle,Undisclosed,,,,,,,,,
Daeshon Hall,DE,Knee,,Knee,,,,,,,,
Daimion Stafford,DB,,,,,,,,,,,
Daiyan Henley,LB,,,,,,,,,,,
Dak Prescott,QB,,,,,Ankle,,,,,,
Dakota Allen,LB,,,,Hamstring,,,,,,,
Dakota Dozier,OG,,,,,,,,,,,
Dallas Goedert,TE,,,Ankle,,Shoulder,,,,,,
Dallas Thomas,OG,,,,,,,,,,,
Dalton Keene,TE,Knee,Knee,,,,,,,,,
Dalton Kincaid,TE,,,,,,,,,,,
Dalton Risner,OG,,,Elbow,Elbow,,,,,,,
Dalton Schultz,TE,,,,,,,,,,,
Dalvin Cook,RB,Knee,,,,,,,,,,
Dalvin Tomlinson,DT,,,,,,,,,,,
Damar Hamlin,DB,,Heart,,,,,,,,,
Damarion Williams,DB,,Ankle,,,,,,,,,
Damarious Randall,DB,,,,,,,,,,,
Damarri Mathis,DB,,,,,,,,,,,
Dameon Pierce,RB,Ankle,,,,,,,,,,
Damian Swann,DB,Concussion,Undisclosed,,,,,,,,,
Damien Harris,RB,,Hand,,,Neck,,,,,,
Damien Lewis,OG,,,,,,,,,,,
Damien Wilson,LB,,,,,,,,,,,
Damion Ratley,WR,,,,,,,,,,,
Damon Arnette,DB,Thumb,Groin,,,,,,,,,
Damone Clark,LB,,,,,,,,,,,
Damontae Kazee,DB,,,,Achilles,,Wrist,,,,,
Damontre Moore,DE,,,,Foot,,,,,,,
Dan Feeney,C,,,,,,,,,,,
Dan Moore,OT,,,,,,,,,,,
Dan Vitale,RB,,,Calf,,,,,,,,
Dane Belton,DB,,,,,,,,,,,
Dane Cruikshank,DB,,,Undisclosed,Knee,Hamstring,,,,,,
Dane Jackson,DB,,,,,,,,,,,
Daniel Bellinger,TE,,,,,,,,,,,
Daniel Braverman,WR,,,,,,,,,,,
Daniel Carlson,K,,,,,,,,,,,
Daniel Faalele,OT,,,,,,,,,,,
Daniel Hardy,LB,Ankle,,,,,,,,,,
Daniel Jones,QB,,,Neck,,Knee,,,,,,
Daniel Lasco,RB,,Back,,,,,,,,,
Daniel McCullers,DT,,,,,,,,,,,
Daniel Scott,DB,Knee,,,,,,,,,,
Daniel Thomas,DB,Arm,,,Forearm,,,,,,,
Danielle Hunter,DE,,,,,,,Pectoral,,,,
Danny Etling,QB,,,,,,,,,,,
Danny Gray,WR,,Shoulder,,,,,,,,,
Danny Isidora,OG,,,Foot,,,,,,,,
Danny Pinter,C,,,,Ankle,,,,,,,
Danny Shelton,DT,,,,,,Knee,,,,,
Dante Fowler Jr.,DE,,,,,,,Knee,,,,
Dante Pettis,WR,Knee,,,Shoulder,,Undisclosed,,,,,
Dante Stills,DE,Knee,,,,,,,,,,
Dareke Young,WR,,Groin,,,,,,,,,
Darian Kinnard,OT,,,,,,,,,,,
Darian Thompson,DB,Foot,,Hamstring,,,,,,,,
Darius Jackson,RB,,,,,,,,,,,
Darius Kilgo,DT,,,,,Undisclosed,,,,,,
Darius Phillips,DB,,Knee,Groin,Shoulder,Hamstring,,,,,,
Darius Philon,DT,Hip,,,,,,Ankle,,,,
Darius Rush,DB,,,,,,,,,,,
Darius Slay,DB,,,,,,,,,,,
Darius Slayton,WR,,,,,,,,,,,
Darnay Holmes,DB,,Ribs,,,,,,,,,
Darnell Mooney,WR,,,Ankle,,,,,,,,
Darnell Savage,DB,,,,,Calf,,,,,,
Darnell Washington,TE,,,,,,,,,,,
Darnell Wright,OT,,,,,,,,,,,
Daron Payne,DT,,,,,,,,,,,
Darqueze Dennard,DB,,Shoulder,,,,Knee,Hamstring,Undisclosed,,,
Darrell Henderson,RB,Ankle,Ankle,Knee,,,,,,,,
Darrell Luter,DB,Knee,,,,,,,,,,
Darrell Taylor,LB,,,,,,,,,,,
Darren Hall,DB,,,,,,,,,,,
Darren Waller,TE,Hamstring,,,,,,,Hamstring,Hamstring,,
Darrian Beavers,LB,Knee,,,,,,,,,,
Darrick Forrest,DB,Hamstring,,Shoulder,,,,,,,,
Darron Lee,LB,,,,,,Undisclosed,,,,,
Darryl Johnson,DE,,,Hamstring,Foot,,,,,,,
Darryl Roberts,DB,Wrist,,,,,Hip,Quadriceps,,,,
Darrynton Evans,RB,Hamstring,Knee,,,,,,,,,
Darwin Thompson,RB,,,,,,,,,,,
Daryl Williams,OT,,,,Knee,,,,,,,
Daryl Worley,DB,,,Shoulder,,,,Hamstring,Shoulder,,,
Datone Jones,DE,,,,,Shoulder,Knee,,,,,
Daurice Fountain,WR,,Ankle,,,,,,,,,
Davante Adams,WR,,,,,,,,,,,
David Amerson,DB,,,,,,,,,,,
David Bakhtiari,OT,,,,,,,,Knee,Knee,,Knee
David Bass,LB,,,,,,,,,,,
David Bell,WR,,,,,,,,,,,
David Cobb,RB,Calf,,,,,,,,,,
David Edwards,OG,,,,Concussion,,,,,,,
David Fales,QB,,,,,,,,,,,
David Johnson,RB,,,Wrist,,,Concussion,,,,,
David King,DE,,,,,,,,,,,
David Long,DB,,,,,,,,,,,
David Long,LB,,,,Hamstring,,,,,,,
David Mayo,LB,,,,,,Knee,,,,,
David Montgomery,RB,,,Knee,,,,,,,,
David Moore,WR,,,,,,,,,,,
David Morgan,TE,,,,,,,,,,,
David Njoku,TE,,,Wrist,Knee,,,,,,,
David Ojabo,LB,,Ankle,,,,,,,,,
David Onyemata,DT,,,,,,,,,,,
David Parry,DT,,,Ankle,,,,,,,,
David Quessenberry,OT,Foot,,,,,,,,,,
David Sharpe,OT,,,,,,,,,,,
David Williams,RB,,,,,,,,,,,
David Yankey,OG,,,,Back,,,,,,,
Davion Taylor,LB,Knee,Knee,,,,,,,,,
Davis Allen,TE,,,,,,,,,,,
Davis Mills,QB,,,,,,,,,,,
Davis Tull,LB,Shoulder,,,,,,,,,,
Davis Webb,QB,,,,,,,,,,,
Daviyon Nixon,DT,Knee,,,,,,,,,,
Davon Godchaux,DT,,,,Biceps,,,,,,,
Davon Hamilton,DT,Knee,,,Back,,,,,,,
Davontae Harris,DB,Knee,,Thigh,Hamstring,,,,,,,
Dawand Jones,OT,Knee,,,,,,,,,,
Dawson Deaton,OG,Knee,,,,,,,,,,
Dawson Knox,TE,,,,,Wrist,,,,,,
Dawuane Smoot,DE,,,,,,Achilles,Achilles,,,,
Dax Milne,WR,,,Groin,,,,,,,,
Daxton Hill,DB,,,,,,,,,,,
Daylon Mack,DT,Knee,,,,,,,,,,
Dayo Odeyingbo,DE,,,,,,,,,,,
Dazz Newsome,WR,,,,,,,,,,,
De'Angelo Henderson,RB,,,,,,,,,,,
De'Anthony Thomas,WR,,,,Leg,Leg,,,,,,
De'Von Achane,RB,Knee,,,,,,,,,,
De'Vondre Campbell,LB,,,,,,,,,,,
DeAndre Hopkins,WR,,,,,,,,,Knee,,
DeAndre Houston-Carson,DB,,,,,,Forearm,,,,,
DeAndre Smelter,WR,,Hamstring,,,,,,,,,
DeAndre Washington,RB,,,,,,,,,,,
DeAngelo Malone,LB,,,,,,,,,,,
DeAngelo Yancey,WR,,,,,,,,,,,
DeForest Buckner,DT,,,,,,,,,,,
DeMarcco Hellams,DB,,,,,,,,,,,
DeMarcus Walker,DE,,,,Calf,Hamstring,,,,,,
DeMarvin Leal,DE,Knee,,,,,,,,,,
DeMarvion Overshown,LB,Knee,,,,,,,,,,
DeShon Elliott,DB,Forearm,Knee,,Biceps,,,,,,,
DeShone Kizer,QB,,,,,,,,,,,
DeVante Parker,WR,,,,,,,Hamstring,,,,
DeVonta Smith,WR,,,,,,,,,,,
DeVonte Holloman,LB,,Neck,,,,,,,,,
DeWayne McBride,RB,,,,,,,,,,,
Deadrin Senat,DT,,,,,,,,,,,
Dean Lowry,DT,,,,,,,Calf,Pectoral,,,
Deandre Baker,DB,,,,,,,,,,,
Deane Leonard,DB,,,,,,,,,,,
Deatrich Wise,DE,,,,,,,,,,,
Decobie Durant,DB,,,,,,,,,,,
Dede Westbrook,WR,Abdomen,,,Knee,,,,,,,
Dee Ford,LB,,,,Back,,,Back,Back,,,
Dee Milliner,DB,,Achilles,Wrist,Hamstring,,,,,,,
Dee Winters,LB,,,,,,,,,,,
DeeJay Dallas,RB,,,,,,,,,,,
Deebo Samuel,WR,,Foot,,,,,,,,,
Deion Jones,LB,,,Foot,,,,Shoulder,,,,
Deiondre' Hall,DB,,Hamstring,,,,,,,,,
Deionte Thompson,DB,,,,,,,,,,,
Deiontrez Mount,LB,Knee,,Hamstring,,,,,,,,
Delano Hill,DB,,Hip,,Back,,,,,,,
Delarrin Turner-Yell,DB,,Knee,,,,,,,,,
Demarcus Ayers,WR,,,,,,,,,,,
Demarcus Christmas,DT,Back,,,,,,,,,,
Demarcus Lawrence,DE,Foot,,,,,,,Foot,,,
Demarcus Robinson,WR,,,,,,,,,,,
Demario Douglas,WR,,,,,,,,,,,
Demetri Goodson,DB,,,Knee,,,,,,,,
Demetric Felton,RB,,,,,,,,,,,
Demetrius McCray,DB,,,,,Ankle,,,,,,
Demetrius Rhaney,C,Knee,,,,,,,,,,
Denard Robinson,RB,,Foot,,,,,,,,,
Dennis Daley,OT,,Concussion,,,Ankle,,,,,,
Denzel Mims,WR,Hamstring,,,,,,,,,,
Denzel Perryman,LB,,,Ankle,Knee,,,,Shoulder,,,
Denzel Ward,DB,,,,,,,,,,,
Denzelle Good,OG,,,Undisclosed,,,,Knee,,,,
Deommodore Lenoir,DB,,,,,,,,,,,
Deon Bush,DB,,,,,,Quadriceps,,,,,
Deon Cain,WR,Knee,,,Head,,,,,,,
Deon Simon,DT,,,,,,,,,,,
Deone Bucannon,LB,,,Ankle,,,,,,,,
Deonte Banks,DB,,,,,,,,,,,
Deonte Brown,OG,Knee,,,,,,,,,,
Derek Barnett,DE,,Shoulder,,,,Knee,,,,,
Derek Carr,QB,,,,,,,,,,,
Derek Parish,TE,,,,,,,,,,,
Derek Rivers,DE,Knee,,Undisclosed,,,Biceps,,,,,
Derek Stingley,DB,Hamstring,Hamstring,,,,,,,,,
Derek Watt,RB,,,,,,,,,,,
Derick Hall,LB,,,,,,,,,,,
Derion Kendrick,DB,,,,,,,,,,,
Derius Davis,WR,,,,,,,,,,,
Derrek Tuszka,LB,Hamstring,,,,,,,,,,
Derrick Barnes,LB,,,,,,,,,,,
Derrick Brown,DT,,,,,,,,,,,
Derrick Henry,RB,,,,,,Foot,,,,,
Derrick Jones,DB,,,,,,,,,,,
Derrick Kindred,DB,,Wrist,,,,,,,,,
Derrick Nnadi,DT,,,,,,Triceps,,,,,
Derrius Guice,RB,Knee,Knee,,,,,,,,,
Derron Smith,DB,,,,,,,,,,,
Derwin Gray,OT,,,,,,,,,,,
Derwin James,DB,,Foot,,,,,,,,,
Deshaun Davis,LB,,,,,,,,,,,
Deshaun Watson,QB,Knee,,,,,,,,,,
Desjuan Johnson,DE,,,,,,,,,,,
Desmond King,DB,,,,,,,,,,,
Desmond Ridder,QB,,,,,,,,,,,
Desmond Trufant,DB,,,,Shoulder,,,Forearm,Hamstring,,,
Deuce Vaughn,RB,,,,,,,,,,,
Devante Bond,LB,Hamstring,,Foot,,,,,,,,
Devante Downs,LB,,,,,,,,,,,
Devante Mays,RB,,,Ankle,,,,,,,,
Devin Asiasi,TE,Undisclosed,,,,,,,,,,
Devin Bush,LB,,Knee,,,,,,,,,
Devin Duvernay,WR,,,Foot,Back,,,,,,,
Devin Fuller,WR,Shoulder,,,,,,,,,,
Devin Funchess,WR,,Knee,,,Clavicle,,Hamstring,,,,
Devin Harper,LB,Achilles,,,,,,,,,,
Devin Lloyd,LB,,,,,,,,,,,
Devin Lucien,WR,,Undisclosed,,,,,,,,,
Devin Singletary,RB,,,,,,,,,,,
Devin Smith,WR,Knee,Knee,,,,,,,,,
Devin Street,WR,,,,Undisclosed,,,,,,,
Devin Taylor,DE,,,,,,,,,,,
Devin White,LB,,,,,,,,,,,
Devon Kennard,LB,,Foot,,,,,,,,,
Devon Witherspoon,DB,,,,,,,,,,,
Devonta Freeman,RB,,,,,Foot,,Ankle,,,,
Devontae Booker,RB,,,,,,,,,,,
Devonte Wyatt,DT,,,,,,,,,,,
Dexter Lawrence,DE,,,,,,,,,,,
Dexter McDonald,DB,,,,Ankle,,,,,,,
Dexter McDougle,DB,Knee,,,,,,,,,,
Dexter Williams,RB,,,,,,,,,,,
Dez Fitzpatrick,WR,,,,,,,,,,,
Dezmen Southward,DB,,,Undisclosed,,,,,,,,
Dezmin Lewis,WR,,,,,,,,,,,
Dezmon Patmon,WR,,Foot,,,,,,,,,
Dillon Mitchell,WR,,,,,,,,,,,
Dillon Radunz,OT,,Knee,,,,,,,,,
Dion Dawkins,OT,,,,,,,,,,,
Dion Jordan,DE,,,,,,,,,,,
Dion Sims,TE,,,,,,Concussion,,,,,
Diontae Johnson,WR,,,,,,,,,,,
Divine Deablo,LB,,Forearm,,,,,,,,,
Dominique Easley,DE,Knee,Thigh,,,Knee,,,,,,
Dominique Robinson,LB,,,,,,,,,,,
Don Jones,DB,,,,,Knee,,,,,,
Donavon Clark,OG,Knee,Knee,,,,,,,,,
Donnel Pumphrey,RB,Hamstring,,,,,,,,,,
Donnie Lewis,DB,,,,Undisclosed,,,,,,,
Donovan Peoples-Jones,WR,,,,,,,,,,,
Donovan Smith,OT,,,,,,,,,,,
Donovan Wilson,DB,,,Shoulder,,,,,,,,
Dontae Johnson,DB,,,,,Groin,,,,,,
Dontavius Russell,DT,,,,,,,,,,,
Dontayvion Wicks,WR,,,,,,,,,,,
Donte Jackson,DB,,,,Groin,Achilles,,,,,,
Donte Moncrief,WR,,,,,,,,,,,
Doran Grant,DB,,,Head,,,,,,,,
Dorance Armstrong,DE,,,,,,,,,,,
Dorial Green-Beckham,WR,,,,,,,,,,,
Dorian Johnson,OG,,,,,,,,,,,
Dorian O'Daniel,LB,,,Ankle,,,,,,,,
Dorian Thompson-Robinson,QB,Hip,,,,,,,,,,
Dorian Williams,LB,,,,,,,,,,,
Doug Kramer,C,Lower Body,Hand,,,,,,,,,
Drake Jackson,DL,,Knee,,,,,,,,,
Drake London,WR,,,,,,,,,,,
Dre Greenlaw,LB,,,Core Muscle,,,,,,,,
Dre'Mont Jones,DE,,Knee,,Hip,,,,,,,
Drew Dalman,C,,,,,,,,,,,
Drew Forbes,OG,Knee,,Knee,,,,,,,,
Drew Kaser,P,,,,,,,,,,,
Drew Lock,QB,Thumb,,,,,,,,,,
Drew Sample,TE,Ankle,,,Knee,,,,,,,
Drew Sanders,LB,,,,,,,,,,,
Dri Archer,WR,,,,,,,,,,,
Dru Samia,OG,,,Hamstring,,,,,,,,
Drue Tranquill,LB,,Leg,,,,,,,,,
Duke Dawson,DB,Hamstring,,Knee,,Groin,Knee,,,,,
Duke Ejiofor,LB,,,,,,,,,,,
Duke Johnson,RB,,,,,,,,,,,
Duke Riley,LB,,,,Biceps,,,,,,,
Duke Shelley,DB,,,Hamstring,,Hamstring,,,,,,
Duke Williams,LS,,,,,,,,,,,
Durham Smythe,TE,,,,,,,,,,,
Duron Harmon,DB,,,,,,,,,,,
Dustin Hopkins,K,Groin,,,,Hip,,,,,Hamstring,
Dustin Woodard,C,,,,,,,,,,,
Dwayne Gratz,DB,,,,,,,,,,,
Dwayne Haskins,QB,,,,,,,,,,,
Dwayne Washington,RB,,,,,,,,,,,
Dyami Brown,WR,,,,,,,,,,,
Dylan Cantrell,WR,,,,,,,,,,,
Dylan Donahue,LB,Elbow,,,,,,,,,,
Dylan Horton,DE,,,,,,,,,,,
Dylan Parham,OG,,,,,,,,,,,
E.J. Gaines,DB,,,,,Concussion,,,,,,
E.J. Manuel,QB,,,,,,,,,,,
E.J. Speed,LB,,,,,,,,,,,
Earl Watford,OG,,,Hand,,,,,,Undisclosed,,
Earl Wolff,DB,,Knee,,Leg,Undisclosed,,,,,,
Earnest Brown,DE,,,,,,,,,,,
Easton Stick,QB,,,,,,,,,,,
Ed Oliver,DT,,,,,,,,,,,
Ed Reynolds,DB,,,,,,,,,,,
Ed Stinson,DT,Toe,,,Toe,,,,,,,
Eddie Goldman,DT,Ankle,Ankle,,,,,,,,,
Eddie Jackson,DB,,,,,,Foot,,,,,
Eddie Lacy,RB,,,,Ankle,,,,,,,
Eddie Vanderdoes,DT,,,Concussion,,,,,,,,
Edmond Robinson,LB,,,Groin,,,,,,,,
Edmund Kugbila,OG,Knee,,,,,,,,,,
Edward Ingram,OG,,,,,,,,,,,
Ego Ferguson,DT,,Knee,Undisclosed,,,,,,,,
Ejuan Price,LB,,,,,,,,,,,
Elandon Roberts,LB,,,,,Knee,,,,,,
Elerson Smith,DE,Hamstring,Leg,,,,,,,,,
Elgton Jenkins,OG,,,Knee,,,,,,,,
Eli Apple,DB,,,,,Ankle,,,,,,
Eli Harold,LB,,,,,,,,,,,
Elijah Hicks,DB,,,,,,,,,,,
Elijah Higgins,TE,,,,,,,,,,,
Elijah Hood,RB,,Knee,,,,,,,,,
Elijah Lee,LB,,,,,,,,,,,
Elijah McGuire,RB,,Foot,,,Ankle,,,,,,
Elijah Mitchell,RB,,Knee,,,,,,,,,
Elijah Molden,DB,,Groin,,,,,,,,,
Elijah Moore,WR,Quadriceps,,,,,,,,,,
Elijah Qualls,DT,,,,,,,,,,,
Emeke Egbule,LB,,,,,,,,,,,
Emmanuel Forbes,DB,,,,,,,,,,,
Emmanuel Ogbah,DE,,Foot,,Pectoral,,,Triceps,,,,
Eno Benjamin,RB,,,,,,,,,,,
Equanimeous St. Brown,WR,,Ankle,Knee,,,Hamstring,,,,,
Ereck Flowers,OT,,,,,,,,,,,
Eric Ebron,TE,,,,,,Ankle,,Knee,,,
Eric Fisher,OT,,,,,,,,Achilles,,,
Eric Gray,RB,Calf,,,,,,,,,,
Eric Herman,OG,,,,,,,,,,,
Eric Johnson,DT,,,,,,,,,,,
Eric Kendricks,LB,,,,,,,,,,,
Eric Kush,OG,,,,,,,,Undisclosed,,,
Eric Murray,DB,,,,,,,,Knee,,,
Eric Pinkins,LB,,,Undisclosed,,,,,,,,
Eric Reid,DB,,,,Biceps,,,,,,,
Eric Rowe,DB,,,,Groin,,,,,,,
Eric Saubert,TE,,,,,,,Undisclosed,,,,
Eric Scott,DB,,,,,,,,,,,
Eric Stokes,DB,,Knee,Foot,,,,,,,,
Erick Hallett,DB,,,,,,,,,,,
Erik Ezukanma,WR,,,,,,,,,,,
Erik McCoy,C,,,,Calf,,,,,,,
Ernest Jones,LB,Ankle,,,,,,,,,,
Esezi Otomewo,DE,,,,,,,,,,,
Ethan Evans,P,,,,,,,,,,,
Ethan Pocic,C,,,Back,,Knee,Knee,,,,,
Evan Boehm,OG,,,,,,Knee,,,,,
Evan Engram,TE,,,Foot,,,,,,,,
Evan Hull,RB,Knee,,,,,,,,,,
Evan McPherson,K,,,,,,,,,,,
Evan Neal,OT,,Ankle,,,,,,,,,
Evan Spencer,WR,Concussion,,,,,,,,,,
Evan Weaver,LB,,,,,,,,,,,
Everett Dawkins,DT,,,,,,,,,,,
Eyioma Uwazurike,DT,,,,,,,,,,,
Ezekiel Ansah,DE,,,,,,Shoulder,,Biceps,,,
Ezekiel Elliott,RB,,,,,,,,,,,
Ezra Cleveland,OG,,,,,,,,,,,
Fabian Moreau,DB,,,Hamstring,,,,,,,,
Fahn Cooper,OT,,,,,,,,,,,
Faion Hicks,DB,,,,,,,,,,,
Felix Anudike,DE,,,,,,,,,,,
Folorunso Fatukasi,DT,,,,,,,,,,,
Forrest Lamp,OG,,,Leg,,Calf,Undisclosed,,,,,
Foster Moreau,TE,Knee,,,,,,,,,,
Foyesade Oluokun,LB,,,,,,,,,,,
Frank Clark,DE,,,,,,,,,,,
Frank Darby,WR,,,Undisclosed,,,,,,,,
Frank Ragnow,C,,,,Toe,,,,,,,
Fred Warner,LB,,,,,,,,,,,
Freddie Swain,WR,,,,Hamstring,,,,,,,
Gabe Jackson,OG,,,,,Elbow,,,,,,
Gabe Wright,DT,,,,,,,,,,,
Gabriel Davis,WR,,,,,,,,,,,
Gardner Minshew,QB,,,,,,,,,,,
Gareon Conley,DB,Shin,,,,,,,,,,
Garett Bolles,OT,,,,,,Leg,,,,,
Garret Wallow,LB,,,,,,,,,,,
Garrett Bradbury,C,,,,,,,,,,,
Garrett Gilbert,QB,,,,,,,,,,,
Garrett Gilkey,OT,,,Knee,,,,,,,,
Garrett Grayson,QB,,,,,,,,,,,
Garrett Scott,OT,,,,,,,,,,,
Garrett Williams,DB,,,,,,,,,,,
Garrett Wilson,WR,,,,,,,,,,,
Gary Brightwell,RB,Neck,,Hamstring,,,,,,,,
Gary Jennings,WR,Shoulder,,,,,,,,,,
Gavin Escobar,TE,,,Achilles,,,,,,,,
Genard Avery,DE,,,Elbow,,Abdomen,Knee,,,,,
Geneo Grissom,DE,,,,,,,,,,,
Geno Smith,QB,,,,Knee,,,,,,,
Geno Stone,DB,,,,,,,,,,,
Geoff Swaim,TE,,Pectoral,,Wrist,Concussion,,,,Calf,,
George Asafo-Adjei,OT,Concussion,,,,,,,,,,
George Karlaftis,DE,,,,,,,,,,,
George Kittle,TE,,,,Foot,Calf,,,,,,
George Pickens,WR,,,,,,,,,,,
Gerald Christian,TE,Knee,,,,,,,,,,
Gerald Everett,TE,,,,,,,,,,,
Gerald Hodges,LB,,,,,,,,,,,
Geremy Davis,WR,,,,,Hamstring,,,,,,
Germain Ifedi,OT,,,,,,Knee,,,,,
Germaine Pratt,LB,,,,,,,,,,,
Gerod Holliman,DB,,,,,,,,,,,
Geron Christian,OT,Knee,,Knee,,,,,,,,
Gerri Green,DE,,,,,,,,,,,
Gerrid Doaks,RB,,,,,,,,,,,
Gervarrius Owens,DB,,,,,,,,,,,
Gervon Dexter,DT,,,,,,,,,,,
Giovani Bernard,RB,,,,Knee,,,,,Hip,Ankle,
Grady Jarrett,DT,,,,,,,,,Knee,,
Graham Glasgow,OG,,,,,,Ankle,,,,,
Grant Calcaterra,TE,,,,,,,,,,,
Grant Delpit,DB,,,,Groin,,,,,,,
Grant DuBose,WR,,,,,,,,,,,
Grant Stuard,LB,,,,,,,,,,,
Greedy Williams,DB,,,,Hamstring,,,,,,,
Greg Dulcich,TE,Hamstring,Hamstring,,,,,,,,,
Greg Gaines,DT,,,,,,,,,,,
Greg Little,OT,Ankle,Ankle,Undisclosed,,,,,,,,
Greg Newsome,DB,,,,,,,,,,,
Greg Robinson,OT,,,,Ankle,,,,,,,
Greg Senat,OT,Foot,Undisclosed,,Undisclosed,,,,,,,
Greg Stroman,DB,,Groin,Foot,,,,,,,,
Gregory Junior,DB,,Hamstring,,,,,,,,,
Gregory Rousseau,DE,,,,,,,,,,,
Grover Stewart,DT,,,,,,,,,,,
Ha Ha Clinton-Dix,DB,,,,,,,,,,,
Haason Reddick,DE,,,,,,,,,,,
Hakeem Adeniji,OT,,,,,,,,,,,
Hakeem Butler,WR,Hand,,,,,,,,,,
Halapoulivaati Vaitai,OT,,,,,Foot,,Undisclosed,Back,,,
Hamsah Nasirildeen,LB,Undisclosed,,Neck,,,,,,,,
Harlan Miller,DB,,,,,,,,,,,
Harold Landry,LB,,,,,,,,,,,
Harrison Bryant,TE,,,,,,,,,,,
Harrison Butker,K,,,,,,,,,,,
Harrison Hand,DB,,,,,,,,,,,
Harrison Phillips,DT,,Knee,,,,,,,,,
Hassan Haskins,RB,,Undisclosed,,,,,,,,,
Hassan Ridgeway,DT,,,,Ankle,Biceps,,Pectoral,Calf,,,
Hau'oli Kikaha,LB,,,Ankle,,,,,,,,
Hayden Hurst,TE,,,,Ankle,,Concussion,,,,,
Hayes Pullard,LB,,,,,,,,,,,
Hendon Hooker,QB,,,,,,,,,,,
Henry Anderson,DE,Knee,,Throat,,,,Pectoral,Undisclosed,Foot,,
Henry Ruggs,WR,,,,,,,,,,,
Henry To'o To'o,LB,,,,,,,,,,,
Hjalte Froholdt,OG,Shoulder,,,,,,,,,,
Howard Wilson,DB,Knee,,,,,,,,,,
Hroniss Grasu,C,,,,,,,,,,,
Hugh Thornton,OG,,Knee,Ankle,,,,,,,,
Hunter Bradley,LS,,,,,,,,,,,
Hunter Henry,TE,,Kidney,Knee,,,,,Knee,,,
Hunter Long,TE,,,Thigh,,,,,,,,
Hunter Renfrow,WR,,,,Ribs,,,,,,,
IK Enemkpali,LB,,,Knee,,,,,,,,
Ian Book,QB,,,,,,,,,,,
Ian Silberman,OG,,,,,,,,,,,
Ian Thomas,TE,,,,,,Calf,,,,,
Ibraheim Campbell,DB,,,Hamstring,Knee,Knee,,,,,,
Ifeadi Odenigbo,DE,,,,,,,Undisclosed,,,,
Ifeatu Melifonwu,DB,Thigh,,,,,,,,,,
Ifo Ekpre-Olomu,DB,,,,,,,,,,,
Ihmir Smith-Marsette,WR,,,,,,,,,,,
Ikem Ekwonu,OT,,,,,,,,,,,
Iman Marshall,DB,Toe,,,,,,,,,,
Irv Smith,TE,,,Knee,Ankle,,,,,,,
Isaac Asiata,OG,,,,,,,,,,,
Isaac Nauta,TE,,,Chest,,,,,,,,
Isaac Rochell,DE,,,,,,,,,,,
Isaac Seumalo,OG,,,,,Knee,Lisfranc,,,,,
Isaac Yiadom,DB,,,,,,,,,,,
Isaiah Bolden,DB,Concussion,,,,,,,,,,
Isaiah Buggs,DT,,,,,,,,,,,
Isaiah Coulter,WR,Neck,,,,,,,,,,
Isaiah Ford,WR,,,,,,,Undisclosed,,,,
Isaiah Foskey,DE,,,,,,,,,,,
Isaiah Hodgins,WR,,,,,,,,,,,
Isaiah Johnson,DB,Concussion,,,,,,,,,,
Isaiah Likely,TE,,,,,,,,,,,
Isaiah McDuffie,LB,,,,,,,,,,,
Isaiah McGuire,DE,,,,,,,,,,,
Isaiah McKenzie,WR,,,,,,,,,,,
Isaiah Oliver,DB,,,,Knee,Knee,,,,,,
Isaiah Prince,OT,,,,Elbow,,,,,,,
Isaiah Rodgers,DB,,,Knee,,,,,,,,
Isaiah Simmons,LB,,,,,,,,,,,
Isaiah Spiller,RB,,,,,,,,,,,
Isaiah Thomas,DE,,,,,,,,,,,
Isaiah Wilson,OG,,,,,,,,,,,
Isaiah Wynn,OT,Achilles,Toe,Knee,,Foot,Quadriceps,,,,,
Isaiahh Loudermilk,DT,,,,,,,,,,,
Isiah Pacheco,RB,,,,,,,,,,,
Israel Abanikanda,RB,,,,,,,,,,,
Israel Mukuamu,DB,Hamstring,,,,,,,,,,
Ito Smith,RB,Knee,Neck,,,,,,,,,
J'Mon Moore,WR,,,,Undisclosed,,,,,,,
J.C. Tretter,C,Ankle,Knee,,Knee,,,,,,,
J.J. Arcega-Whiteside,WR,,,Finger,,,,,,,,
J.J. Dielman,C,,Knee,,,,,,,,,
J.J. Nelson,WR,,,,,,,,,,,
J.J. Wilcox,DB,,,,,,,,,,,
J.K. Dobbins,RB,,Knee,Knee,Achilles,,,,,,,
JK Scott,P,,,,,,,,,,,
JL Skinner,DB,,,,,,,,,,,
JT Woods,DB,,,,,,,,,,,
Ja'Marr Chase,WR,,,,,,,,,,,
Ja'Sir Taylor,DB,,,,,,,,,,,
Ja'Tyre Carter,OG,,,,,,,,,,,
Ja'Whaun Bentley,LB,Undisclosed,,,,,,,,,,
Ja'Wuan James,OT,,,,Hamstring,,,,,Achilles,,
JaCoby Stevens,LB,,,,,,,,,,,
JaCorey Shepherd,DB,,,,,,,,,,,
Jabari Price,DB,,Shoulder,Knee,,,,,,,,
Jabari Zuniga,DE,Quadriceps,,,,,,,,,,
Jabril Cox,LB,Knee,,,,,,,,,,
Jabrill Peppers,DB,,,Back,,Knee,,,,,,
Jace Amaro,TE,,Shoulder,,,,,,,,,
Jace Sternberger,TE,Ankle,,,,,,,,,,
Jachai Polite,LB,,,,,,,,,,,
Jack Anderson,C,Hamstring,,Calf,,,,,,,,
Jack Campbell,LB,,,,,,,,,,,
Jack Cichy,LB,Knee,Elbow,Hamstring,,,,,,,,
Jack Conklin,OT,,,Knee,,,Elbow,,Knee,,,
Jack Driscoll,OT,Knee,Pectoral,,,,,,,,,
Jack Jones,DB,Knee,Hamstring,,,,,,,,,
Jack Mewhort,OG,,,Knee,Knee,,,,,,,
Jack Tocho,DB,,,,,,,,,,,
Jackson Barton,OT,,,,,,,,,,,
Jackson Carman,OT,,,,,,,,,,,
Jacob Eason,QB,,,,,,,,,,,
Jacob Harris,WR,Knee,Pectoral,,,,,,,,,
Jacob Martin,DE,,,,,Knee,,,,,,
Jacob Phillips,LB,,Biceps,Pectoral,Pectoral,,,,,,,
Jacoby Brissett,QB,Thumb,,,,,,,,,,
Jadeveon Clowney,LB,Knee,,,,,,Knee,,,,
Jaelan Phillips,LB,,,Achilles,,,,,,,,
Jaelen Strong,WR,,Ankle,Knee,,,,,,,,
Jaelon Darden,WR,,,,,,,,,,,
Jaelyn Duncan,OT,,,,,,,,,,,
Jahan Dotson,WR,,,,,,,,,,,
Jahlani Tavai,LB,Shoulder,,,,,,,,,,
Jahmyr Gibbs,RB,,,,,,,,,,,
Jaire Alexander,DB,,,,Shoulder,,,,,,,
Jake Andrews,C,,,,,,,,,,,
Jake Bailey,P,,,,Back,,,,,,,
Jake Butt,TE,,Knee,Knee,Hamstring,,,,,,,
Jake Camarda,P,,,,,,,,,,,
Jake Elliott,K,,,,,,,,,,,
Jake Ferguson,TE,,,,,,,,,,,
Jake Fisher,OT,,,,Back,,,,,,,
Jake Fromm,QB,,,,,,,,,,,
Jake Funk,RB,Hamstring,,,,,,,,,,
Jake Haener,QB,,,,,,,,,,,
Jake Hanson,OG,,,Biceps,Shin,,,,,,,
Jake Luton,QB,,,,,,,,,,,
Jake Matthews,OT,,,,,,,,,,,
Jake Moody,K,,,,,,,,,,,
Jake Rodgers,OT,,Ankle,,,,,,,,,
Jake Rudock,QB,,,,,,,,,,,
Jake Ryan,LB,,,,,Hamstring,,,,,,
Jake Witt,OT,Hip,,,,,,,,,,
Jakeem Grant,WR,,,Achilles,Ankle,,Ankle,,Knee,,,
Jakorian Bennett,DB,,,,,,,,,,,
Jaleel Johnson,DT,,,,,,Undisclosed,,,,,
Jaleel Scott,WR,Hamstring,,,,,,,,,,
Jalen Brooks,WR,,,,,,,,,,,
Jalen Camp,WR,,,,,,,,,,,
Jalen Carter,DT,,,,,,,,,,,
Jalen Collins,DB,,,,,,,,,,,
Jalen Graham,LB,,,,,,,,,,,
Jalen Hurd,WR,Back,,Knee,,,,,,,,
Jalen Hurts,QB,,,,,,,,,,,
Jalen Jelks,DE,Undisclosed,,,,,,,,,,
Jalen Mayfield,OG,,Back,,,,,,,,,
Jalen Mills,DB,,,Foot,Foot,,,,,,,
Jalen Myrick,DB,,,,,,,,,,,
Jalen Nailor,WR,,Hamstring,,,,,,,,,
Jalen Pitre,DB,,,,,,,,,,,
Jalen Ramsey,DB,,,,,,,,Knee,,,
Jalen Reagor,WR,Thumb,,,,,,,,,,
Jalen Reeves-Maybin,LB,,Neck,,,,,,,,,
Jalen Saunders,WR,,,,,,,,,,,
Jalen Tabor,DB,,,,,Ankle,,,,,,
Jalen Tolbert,WR,,,,,,,,,,,
Jalin Hyatt,WR,,,,,,,,,,,
Jalston Fowler,RB,,,,,,,,,,,
Jalyn Armour-Davis,DB,Hip,Concussion,,,,,,,,,
Jalyn Holmes,DE,,,,,,,,,,,
Jamaal Williams,RB,,,,,,,Hamstring,,,,
Jamal Adams,DB,,,,,Shoulder,Knee,Quadriceps,,,,
Jamal Agnew,WR,,Knee,,,Hip,,Shoulder,,,,
Jamar Johnson,DB,,,,,,,,,,,
Jamar Taylor,DB,,Shoulder,,,,,,Knee,,,
Jamarco Jones,OG,Ankle,,Groin,Back,Triceps,,,,,,
Jamaree Salyer,OG,,,,,,,,,,,
Jameis Winston,QB,,,,,,,Knee,,,,
Jamel Dean,DB,,,,,,,,,,,
James Bradberry,DB,,,,,,,,,,,
James Conner,RB,Knee,,,,,,Knee,,,,
James Cook,RB,,,,,,,,,,,
James Daniels,OG,,,Pectoral,,,,,,,,
James Houston,LB,,Ankle,,,,,,,,,
James Hudson,OT,,,,,,,,,,,
James Looney,DT,,,,,,,,,,,
James Lynch,DT,,,,,,,,,,,
James Mitchell,TE,,Hand,,,,,,,,,
James Morgan,QB,,,,,,,,,,,
James O'Shaughnessy,TE,Foot,,,,Knee,,Ankle,,,,
James Proche,WR,,,,,,,,,,,
James Sample,DB,Shoulder,Shoulder,,,,,,,,,
James Smith-Williams,DE,,,,,,,,,,,
James Washington,WR,,,,,Foot,,,,,,
James White,RB,,,,,,,,Hip,,,
James Wiggins,DB,Knee,,,,,,,,,,
James Wright,WR,,,,,Knee,,,,,,
Jameson Williams,WR,,,,,,,,,,,
Jamie Collins,LB,,,,,Knee,,,,Ankle,,
Jamien Sherwood,LB,Achilles,,,,,,,,,,
Jamil Demby,OT,,,,Undisclosed,,,,,,,
Jamil Douglas,OG,,,,,,,,,,,
Jamin Davis,LB,,Knee,Shoulder,,,,,,,,
Jamison Crowder,WR,,,,,,,,Ankle,,,
Jammie Robinson,DB,,,,,,,,,,,
Jamon Brown,OG,Leg,,,,,,,,,,
Jamoris Slaughter,DB,,,,,,,,,,,
Janarius Robinson,DE,Undisclosed,Ankle,,,,,,,,,
Jaquan Brisker,DB,,,,,,,,,,,
Jaquan Johnson,DB,,,,,,,,,,,
Jaquelin Roy,DT,,,,,,,,,,,
Jaquiski Tartt,DB,,,Forearm,Shoulder,,Toe,Knee,,,,
Jared Abbrederis,WR,,,Thigh,,,,,,,,
Jared Goff,QB,,,,,,,,,,,
Jared Smith,DT,,,,Undisclosed,,,,,,,
Jaren Hall,QB,,,,,,,,,,,
Jarrad Davis,LB,,,Ankle,,Ankle,,,,,,
Jarran Reed,DT,,,,,,,,,,,
Jarrett Patterson,C,Ankle,,,,,,,,,,
Jarrett Stidham,QB,,,Back,,,,,,,,
Jarrick Bernard,DB,Ankle,,,,,,,,,,
Jartavius Martin,DB,,,,,,,,,,,
Jarvis Harrison,OG,,,,,,,,,,,
Jarvis Jones,LB,,Wrist,,,,,,,,,
Jarvis Landry,WR,,,,,,,,Knee,Ankle,,
Jashon Cornell,DE,,,Undisclosed,,,,,,,,
Jason Huntley,RB,,,,,,,,,,,
Jason Pinnock,DB,,,Toe,,,,,,,,
Jason Sanders,K,,,,,,,,,,,
Jason Spriggs,OT,,Hamstring,,,,,,,,,
Jason Strowbridge,DE,,,,,,,,,,,
Jason Taylor II,DB,,,,,,,,,,,
Jason Verrett,DB,Shoulder,,Knee,Knee,,Ankle,,Knee,,,
Jatavis Brown,LB,,,Ankle,,,,,,,,
Jauan Jennings,WR,,,,,,,,,,,
Javon Hargrave,DT,,,,,,,,,,,
Javon Kinlaw,DT,,Knee,Knee,,,,,,,,
Javon Patterson,C,,,,,,,,,,,
Javon Wims,WR,,,,,,,,,,,
Javonte Williams,RB,,Knee,,,,,,,,,
Javorius Allen,RB,,,,,Undisclosed,,,,,,
Jawaan Taylor,OT,,,,,,,,,,,
Jawan Jamison,RB,,,,,,,,,,,
Jaxon Smith-Njigba,WR,,,,,,,,,,,
Jay Ajayi,RB,Ribs,,,Knee,,,,,,,
Jay Bromley,DT,,,,,Arm,,,,,,
Jay Prosch,RB,,,,,,,,,,,
Jay Tufele,DT,Hand,,,,,,,,,,
Jay Ward,DB,,,,,,,,,,,
Jaycee Horn,DB,Foot,Wrist,Hamstring,,,,,,,,
Jayden Reed,WR,,,,,,,,,,,
Jaylen Samuels,RB,,,,,,,,,,,
Jaylen Twyman,DT,,,,,,,,,,,
Jaylen Waddle,WR,,,,,,,,,,,
Jaylen Watkins,DB,,,,,Knee,,,,,,
Jaylen Watson,DB,,,,,,,,,,,
Jaylinn Hawkins,DB,,,,,,,,,,,
Jaylon Ferguson,DE,,,,,,,,,,,
Jaylon Johnson,DB,,,Finger,,,,,,,,
Jaylon Jones,DB,,,,,,,,,,,
Jaylon Moore,OT,,,,,,,,,,,
Jaylon Smith,LB,,,,,,,,,,,
Jayon Brown,LB,,,,Elbow,Knee,Hand,,,,,
Jayron Kearse,DB,,,,,,,,,,,
Jayson Oweh,LB,,,,,,,,,,,
Jedrick Wills,OT,,,,Knee,,,,,,,
Jeff Baca,OG,,,,,,,,,,,
Jeff Driskel,QB,,Hand,,Hamstring,,Clavicle,,,,,
Jeff Gladney,DB,,,,,,,,,,,
Jeff Heuerman,TE,,,,Ribs,,,,,,,
Jeff Janis,WR,,,,,,,,,,,
Jeff Locke,P,,,,,,,,,,,
Jeffery Simmons,DT,,,,,Knee,,,,,,
Jeffrey Gunter,DE,,,,,,,,,,,
Jeffrey Okudah,DB,Groin,Achilles,,,,,,,,,
Jehu Chesson,WR,,,,,,,,,,,
Jelani Jenkins,LB,,,,,Undisclosed,,,,,,
Jelani Woods,TE,,,,,,,,,,,
Jemea Thomas,DB,,,,,,,,,,,
Jeoffrey Pagan,DE,,,,,,,,,,,
Jerald Hawkins,OT,Shoulder,,,,,,,,,,
Jerell Adams,TE,,,,,,,,,,,
Jeremiah Attaochu,LB,,,Foot,,Concussion,,,Pectoral,,,
Jeremiah George,LB,,,,,Back,,,,,,
Jeremiah Ledbetter,DT,,,Ankle,,,Undisclosed,,,,,
Jeremiah Owusu-Koramoah,LB,Ankle,Foot,,,,,,,,,
Jeremiah Poutasi,OT,,Ankle,,,,,,,,,
Jeremy Chinn,DB,,,Hamstring,Quadriceps,,,,,,,
Jeremy Clark,DB,,,,,,,,,,,
Jeremy Gallon,WR,,,,,,,,,,,
Jeremy Harris,DB,Back,,,,,,,,,,
Jeremy Hill,RB,,,,Ankle,Knee,,,,,,
Jeremy Langford,RB,,,,,,,,,,,
Jeremy McNichols,RB,,,,,,,,,,,
Jeremy Ruckert,TE,,Concussion,,,,,,,,,
Jeremy Sprinkle,TE,,,,,,Achilles,,,,,
Jerick McKinnon,RB,Back,,,,Knee,,,Hamstring,,Groin,
Jermaine Carter,LB,,,,,,,,,,,
Jermaine Eluemunor,OT,,,,Ankle,,,,,,,
Jermaine Johnson,LB,,,,,,,,,,,
Jermaine Kelly,DB,Undisclosed,,,,,,,,,,
Jermar Jefferson,RB,,,Undisclosed,,,,,,,,
Jerome Baker,LB,,,,,,Knee,,,,,
Jerome Ford,RB,Ankle,,,,,,,,,,
Jerrick Reed,DB,Knee,,,,,,,,,,
Jerry Jeudy,WR,,Ankle,,,,,,,,,
Jerry Tillery,DT,,,,,,,,,,,
Jesse James,TE,,,,,,,,Biceps,,,
Jesse Luketa,LB,,,,,,,,,,,
Jesse Williams,DT,Knee,,,,,,,,,,
Jessie Bates III,DB,,,,,,,,,,,
Jevon Holland,DB,,,,,,,,,,,
Ji'Ayir Brown,DB,,,,,,,,,,,
Jihad Ward,LB,,,Ankle,,,,,,,,
Jimmie Ward,DB,Foot,,Shoulder,Forearm,Arm,,,,Hamstring,Quadriceps,
Jimmy Garoppolo,QB,,,,,Knee,,Ankle,,,,
Jimmy Landes,LS,Shoulder,,,,,,,,,,
Jimmy Moreland,DB,Foot,,Undisclosed,,Hand,,,,,,
Jimmy Morrissey,C,,,,,,,,,,,
Jimmy Staten,DT,,,,Undisclosed,,,,,,,
Joe Burrow,QB,Knee,,,Wrist,,,,,,,
Joe Cardona,LS,,,,,,,,Ankle,,,
Joe Dahl,OG,,Leg,,Back,Groin,,,,,,
Joe Haeg,OT,,,Ankle,,,,Concussion,,,,
Joe Jackson,DE,,,,,,,,,,,
Joe Kruger,DE,Shoulder,,,,,,,,,,
Joe Mixon,RB,,,,Foot,,,,,,,
Joe Reed,WR,,,,Undisclosed,,,,,,,
Joe Schobert,LB,,,,,,,,,,,
Joe Thuney,OG,,,,,,,,Pectoral,,,
Joe Tippmann,C,,,,,,,,,,,
Joe Tryon-Shoyinka,LB,,,,,,,,,,,
Joe Walker,LB,Knee,Neck,,,,,,,,,
Joe Williams,RB,Ankle,,,,,,,,,,
Joejuan Williams,DB,,,,Shoulder,,,,,,,
Joel Bitonio,OG,,Ankle,Foot,,,,,,,,
Joel Iyiegbuniwe,LB,,,,,,,,,,,
Joey Bosa,LB,,,,,,,Groin,Foot,,,
Joey Hunt,C,,,,,,,,,,,
Joey Iosefa,RB,,,,,,,,,,,
Joey Ivie,DT,,,,,,,,,,,
Joey Porter Jr.,DB,,,,,,,,,,,
John Bates,TE,,,,,,,,,,,
John Boyett,DB,,,,,,,,,,,
John Brown,WR,,,,,,,Ankle,,,,
John Cominsky,DE,,,,,,,,,,,
John FitzPatrick,TE,Undisclosed,,,,,,,,,,
John Franklin-Myers,DE,,Undisclosed,,,,,,,,,
John Hightower,WR,,,,,,,,,,,
John Jenkins,DT,,Abdomen,,,,,,Thumb,,,
John Johnson,DB,,,Shoulder,,,,,,,,
John Kelly,RB,,,,,,,,,,,
John Metchie,WR,,,,,,,,,,,
John Michael Schmitz,C,,,,,,,,,,,
John Miller,OG,,,,,,,Ankle,,,,
John Penisini,DT,,,,,,,,,,,
John Reid,DB,,,Groin,,,,,,,,
John Ridgeway,DT,,,,,,,,,,,
John Ross,WR,Shoulder,,Shoulder,Foot,Hamstring,,,,,,
John Simon,DE,,,,,Shoulder,,,,,,
John Simpson,OG,,,,,,,,,,,
John Theus,OT,,Illness,,,,,,,,,
John Urschel,C,,,,,,,,,,,
John Ursua,WR,,,Knee,,,,,,,,
Johnathan Abram,DB,Shoulder,,Shoulder,,,,,,,,
Johnathan Cyprien,DB,,,,,,,Undisclosed,Hamstring,,,
Johnathan Ford,DB,Knee,,Abdomen,Hamstring,,,Hamstring,,,,
Johnathan Franklin,RB,Concussion,,,,,,,,,,
Johnathan Hankins,DT,,,Pectoral,,,,,,,Pectoral,
Johnny Manziel,QB,Hamstring,,,,,,,,,,
Johnny Townsend,P,,,,,,,,,,,
Johnthan Banks,DB,,,,,,,,,,,
Jon Feliciano,OG,,,Concussion,Calf,,Pectoral,Calf,,,,
Jon Gaines,OG,Knee,,,,,,,,,,
Jon Halapio,C,,,,,Leg,,,,,,
Jon Runyan,OG,,,,,,,,,,,
Jonah Jackson,OG,,,,,,,,,,,
Jonah Williams,OT,,Knee,,,,,,,,,
Jonathan Allen,DT,Lisfranc,,,,,,,,,,
Jonathan Bostic,LB,,,,,Knee,,,,Pectoral,Pectoral,
Jonathan Bullard,DE,,,,Hamstring,,,Biceps,,,,
Jonathan Cooper,OG,Leg,,,,,Biceps,,,,,
Jonathan Dowling,DB,Back,,Knee,,,,,,,,
Jonathan Ford,DT,,,,,,,,,,,
Jonathan Garvin,LB,,,,,,,,,,,
Jonathan Greenard,LB,,,Calf,,,,,,,,
Jonathan Marshall,DT,,,,,,,,,,,
Jonathan Meeks,DB,Leg,Neck,,,,,,,,,
Jonathan Mingo,WR,Foot,,,,,,,,,,
Jonathan Newsome,DE,,,,,,,,,,,
Jonathan Taylor,RB,,,Ankle,Ankle,,,,,,,
Jonathan Williams,RB,,,,,,,,Undisclosed,,,
Jonathan Woodard,DE,,,,,,,,,,,
Jonathon Cooper,LB,,,,,,,,,,,
Jonnu Smith,TE,,Knee,,,,,,,,,
Jordan Addison,WR,,,,,,,,,,,
Jordan Akins,TE,,,,,,,,,,,
Jordan Battle,DB,,,,,,,,,,,
Jordan Brailford,LB,,,,,,,,,,,
Jordan Brown,DB,,,,Undisclosed,,,,,,,
Jordan Carrell,DT,,,,,,,,,,,
Jordan Davis,DT,Ankle,,,,,,,,,,
Jordan Elliott,DT,,,,,,,,,,,
Jordan Evans,LB,,Ankle,,,Knee,,,,,,
Jordan Fuller,DB,Shoulder,Ankle,Hamstring,,,,,,,,
Jordan Glasgow,LB,,Concussion,,,,,,,,,
Jordan Hicks,LB,Pectoral,,Achilles,,,,,,Leg,,
Jordan Hill,DT,,Calf,,Hamstring,Biceps,,,,,,
Jordan Howard,RB,,,,,,,,,,,
Jordan Howden,DB,,,,,,,,,,,
Jordan Jackson,DT,,,,,,,,,,,
Jordan Jenkins,LB,,,,,Shoulder,Knee,Leg,,,,
Jordan Lasley,WR,,,,,,,,,,,
Jordan Leggett,TE,Knee,,,,,,,,,,
Jordan Love,QB,,,,,,,,,,,
Jordan Lucas,DB,,,,,,Quadriceps,,,,,
Jordan Mailata,OT,Back,Back,,,,,,,,,
Jordan Matthews,TE,,,,Knee,Hamstring,,,,,,
Jordan McFadden,OG,,,,,,,,,,,
Jordan Miller,DB,,Oblique,,,,,,,,,
Jordan Mills,OT,,,,,,,Knee,,,,
Jordan Morgan,OG,Undisclosed,,,,,,,,,,
Jordan Payton,WR,,,,,,,,,,,
Jordan Phillips,DT,,,,,,Hamstring,Undisclosed,,Wrist,,
Jordan Poyer,DB,,,,Abdomen,,,,,,,
Jordan Reed,TE,Concussion,,,,Hamstring,Toe,Concussion,Knee,,,
Jordan Richards,DB,,,,,,,,,,,
Jordan Scarlett,RB,Knee,,,,,,,,,,
Jordan Smith,DE,,,,,,,,,,,
Jordan Stout,P,,,,,,,,,,,
Jordan Thomas,TE,,Ribs,,Undisclosed,,,,,,,
Jordan Tripp,LB,,,Knee,Concussion,,,,,,,
Jordan Whitehead,DB,,Hamstring,,,,,,,,,
Jordan Wilkins,RB,,,,,,,,,,,
Jordan Willis,DE,,,,Ankle,,Knee,,,,,
Jordan Zumwalt,LB,Groin,Groin,,,,,,,,,
Jordon Riley,DT,,,,,,,,,,,
Jordyn Brooks,LB,,,Knee,,,,,,,,
Jose Ramirez,LB,,,,,,,,,,,
Joseph Noteboom,OT,,Knee,Calf,Pectoral,Achilles,,,,,,
Joseph Ossai,DE,Knee,,,,,,,,,,
Joseph Randle,RB,,,,,,,,,,,
Josey Jewell,LB,,,,Pectoral,,,,,,,
Josh Allen,LB,,Knee,,,,,,,,,
Josh Allen,QB,,,,,,,,,,,
Josh Ball,OT,,,Hip,,,,,,,,
Josh Boyce,WR,Ankle,,Undisclosed,,,,,,,,
Josh Boyd,DE,,,Ankle,,,,,,,,
Josh Carraway,LB,,,Achilles,,,,,,,,
Josh Doctson,WR,Achilles,,,Hamstring,,,,,,,
Josh Downs,WR,,,,,,,,,,,
Josh Evans,DB,,,,,,,,,,,
Josh Forrest,LB,Knee,Knee,,,,,,,,,
Josh Furman,DB,,,,,,,,,,,
Josh Harvey-Clemons,LB,,,,,,,,,,,
Josh Hayes,DB,,,,,,,,,,,
Josh Huff,WR,,,,,,,,,,,
Josh Jacobs,RB,,,,,,,,,,,
Josh Jones,DB,,,,Chest,Undisclosed,Hamstring,,,,,
Josh Jones,OT,,,,,,,,,,,
Josh Malone,WR,,,,,,,,,,,
Josh Metellus,DB,,,,,,,,,,,
Josh Myers,C,Knee,,,,,,,,,,
Josh Oliver,TE,Back,,,,,,,,,,
Josh Palmer,WR,,,Knee,,,,,,,,
Josh Reynolds,WR,,,,,,,,,,,
Josh Robinson,RB,,,,,,,,,,,
Josh Rosen,QB,,,,,,,,,,,
Josh Shaw,DB,,,,Groin,Shoulder,,,,,,
Josh Sweat,DE,Ankle,,Wrist,,,,,,,,
Josh Uche,LB,Foot,Ankle,,,,,,,,,
Josh Whyle,TE,Knee,,,,,,,,,,
Joshua Dobbs,QB,,,,,Toe,,,,,,
Joshua Ezeudu,OT,Neck,Toe,,,,,,,,,
Joshua Frazier,DT,,,,,,,,,,,
Joshua Garnett,OG,,,,,,,,,,,
Joshua Holsey,DB,,Knee,,,,,,,,,
Joshua Jackson,DB,,,,,,,,,,,
Joshua Kaindoh,DE,Ankle,,,,,,,,,,
Joshua Kelley,RB,,,Knee,,,,,,,,
Joshua Miles,OT,,,Ankle,Undisclosed,,,,,,,
Joshua Paschal,DE,Hernia,Knee,,,,,,,,,
Joshua Perry,LB,,Head,,,,,,,,,
Joshua Williams,DB,,,,,,,,,,,
Joshuah Bledsoe,DB,,,,,,,,,,,
Josiah Deguara,TE,Knee,,,,,,,,,,
Josiah Scott,DB,,Hamstring,,,,,,,,,
Jourdan Lewis,DB,,,,,,Foot,,,,,
Jovaughn Gwyn,OG,,,,,,,,,,,
JuJu Smith-Schuster,WR,,,,,Shoulder,,Ankle,,,,
Juan Thornhill,DB,Knee,,,,,,,,,,
Juice Scruggs,OG,Leg,,,,,,,,,,
Julian Blackmon,DB,,Achilles,,Shoulder,,,,,,,
Julian Love,DB,,,,,,,,,,,
Julian Okwara,LB,Leg,,Elbow,Knee,,,,,,,
Julie'n Davenport,OT,,,Knee,,,,,,,,
Julius Brents,DB,,,,,,,,,,,
Jullian Taylor,DT,,Knee,,,,,,,,,
Junior Fehoko,DE,Knee,,,,,,,,,,
Justice Cunningham,TE,,Ankle,,,,,,,,,
Justice Hill,RB,,,Achilles,,,,,,,,
Justin Britt,C,,,,,,Knee,,Knee,,,
Justin Brown,WR,,,,,,,,,,,
Justin Ellis,DT,,,,,Foot,Knee,,,,,
Justin Evans,DB,Ankle,Toe,,,,,Knee,,,,
Justin Fields,QB,,,,,,,,,,,
Justin Gilbert,DB,,,,,,,,,,,
Justin Hardy,WR,,,,,,,,,,,
Justin Herbert,QB,,,,Finger,,,,,,,
Justin Herron,OT,Ankle,,Knee,,,,,,,,
Justin Hollins,LB,,,Pectoral,,Shoulder,,,,,,
Justin Hunter,WR,,Spleen,Ankle,,,Shoulder,,,,,
Justin Jackson,RB,,,Knee,,,,,,,,
Justin Jefferson,WR,,,,Hamstring,,,,,,,
Justin Jones,DT,,,Shoulder,Calf,,,,,,,
Justin Lawler,DL,,,,,,,,,,,
Justin Layne,DB,,,,,,,,,,,
Justin Madubuike,DT,,,,,,,,,,,
Justin Pugh,OG,,,,,Back,Knee,,,,Knee,
Justin Reid,DB,,,Hand,,,,,,,,
Justin Rohrwasser,K,,,,,,,,,,,
Justin Senior,OT,Knee,,,,,,,,,,
Justin Shaffer,OG,,,,,,,,,,,
Justin Shorter,WR,Hamstring,,,,,,,,,,
Justin Simmons,DB,,Ankle,,,,,Quadriceps,,,,
Justin Skule,OT,,,,,,,,,,,
Justin Strnad,LB,,,,,,,,,,,
Justin Watson,WR,,,,Knee,,,,,,,
Juston Burris,DB,,,,,Ribs,Groin,,,,,
Juwann Winfree,WR,Hamstring,,,,,,,,,,
Jylan Ware,OT,,,,,,,,,,,
K'Lavon Chaisson,LB,,,Knee,,,,,,,,
K'Von Wallace,DB,,Shoulder,,,,,,,,,
K.J. Britt,LB,,Ankle,,,,,,,,,
K.J. Dillon,DB,Knee,,,,,,,,,,
K.J. Henry,DE,,,,,,,,,,,
K.J. Hill,WR,,,,,,,,,,,
K.J. Osborn,WR,,,,,,,,,,,
KJ Hamler,WR,Concussion,Knee,Hamstring,,,,,,,,
Ka'Deem Carey,RB,,,,Wrist,,,,,,,
Ka'dar Hollman,DB,,,,,,,,,,,
Kadarius Toney,WR,,,,,,,,,,,
Kadeem Edwards,OG,Foot,Undisclosed,,,,,,,,,
Kaden Elliss,LB,Knee,,,,,,,,,,
Kaden Smith,TE,,,Knee,,Undisclosed,,,,,,
Kaelin Clay,WR,,Foot,,Ankle,,,,,,,
Kahale Warring,TE,,Undisclosed,,,,,,,,,
Kaiir Elam,DB,,Ankle,,,,,,,,,
Kalan Reed,DB,,,Foot,Neck,,,,,,,
Kaleb McGary,OT,,,,,,,,,,,
Kaleb Ramsey,DE,,,,,,,,,,,
Kalen Ballage,RB,,Leg,,,,,,,,,
Kalia Davis,DT,,Ankle,,,,,,,,,
Kalon Barnes,DB,,,,,,,,,,,
Kamal Martin,LB,Knee,,,,,,,,,,
Kamalei Correa,LB,Ribs,,,,,,,,,,
Kamren Curl,DB,,,,,,,,,,,
Kamrin Moore,DB,,,,,,,,,,,
Kamu Grugier-Hill,LB,,,,Back,,,,,,,
Kapron Lewis-Moore,DE,,Achilles,,,,,,,,,
Kareem Hunt,RB,,,,,Calf,,,,,,
Kareem Martin,LB,,,,,,Knee,,,,,
Karl Brooks,DE,,,,,,,,,,,
Karl Joseph,DB,,,,Ankle,,,Ankle,,,,
Karlos Williams,RB,,,,,,,,,,,
Kary Vincent Jr.,DB,,,,,,,,,,,
Kavon Frazier,DB,,,,Pectoral,,,,,,,
Kawaan Baker,WR,,,,,,,,,,,
Kawann Short,DT,,,,,,,Shoulder,Shoulder,,,
Kayshon Boutte,WR,,,,,,,,,,,
Kayvon Thibodeaux,LB,,,,,,,,,,,
Kayvon Webster,DB,,,,Concussion,Achilles,Quadriceps,,,,,
Ke'Shawn Vaughn,RB,,,,,,,,,,,
Keanu Neal,DB,,,Knee,Achilles,,,,Ribs,,,
Keaontay Ingram,RB,,,,,,,,,,,
KeeSean Johnson,WR,,,,,,,,,,,
Keeanu Benton,DT,,,,,,,,,,,
Keenan Allen,WR,,,Kidney,Knee,,,,,,,
Keenan Reynolds,WR,,,,,,,,,,,
Kei'Trel Clark,DB,,,,,,,,,,,
KeiVarae Russell,DB,,,,,,,,,,,
Keion Adams,DE,,,Knee,,,,,,,,
Keion Crossen,DB,,,,,,Undisclosed,,,,,
Keion White,DE,,,,,,,,,,,
Keishawn Bierria,LB,,,,,,,,,,,
Keith Ismael,C,,,Undisclosed,,,,,,,,
Keith Marshall,RB,Elbow,,,,,,,,,,
Keith McGill,DB,,,,,,,,,,,
Keith Mumphery,WR,,,,,,,,,,,
Keith Reaser,DB,,,,,,,,,,,
Keith Taylor,DB,,,,,,,,,,,
Keith Wenning,QB,,,,,,,,,,,
Keke Coutee,WR,,,,,,,,,,,
Kelee Ringo,DB,,,,,,,,,,,
Kellen Mond,QB,,,,,,,,,,,
Kelvin Benjamin,WR,,Knee,,,,,,,,,
Kelvin Harmon,WR,,,,,,,,,,,
Kelvin Joseph,DB,Groin,,,,,,,,,,
Kelvin Taylor,RB,,,,,,,,,,,
Kemal Ishmael,DB,,,,Shoulder,,,,,,,
Kemoko Turay,DE,,Ankle,Ankle,,,,,,,,
Ken Bishop,DT,,,,,,,,,,,
Kendall Donnerson,DE,,,,,,,,,,,
Kendall Fuller,DB,,,,,,,,Knee,,,
Kendall James,DB,,,,,,,,,,,
Kendall Sheffield,DB,,,Undisclosed,Undisclosed,,,,,,,
Kendall Williamson,DB,,,,,,,,,,,
Kendarius Webster,DB,Ankle,Hamstring,,,,,,,,,
Kendell Beckwith,LB,,,,,,,,,,,
Kendre Miller,RB,,,,,,,,,,,
Kendrick Green,C,,,Knee,,,,,,,,
Kendrick Norton,DT,,,,,,,,,,,
Kene Nwangwu,RB,Knee,,Back,,,,,,,,
Kenjon Barner,RB,,Ankle,,Hamstring,,Knee,,Groin,,Groin,
Kennard Backman,TE,,Hamstring,,,,,,,,,
Kenneth Acker,DB,Undisclosed,,,,Ankle,,,,,,
Kenneth Dixon,RB,,,Knee,Knee,,,,,,,
Kenneth Murray,LB,,Ankle,,,,,,,,,
Kenneth Walker,RB,,,,,,,,,,,
Kenny Bell,WR,Hamstring,Concussion,,,,,,,,,
Kenny Clark,DT,,,Elbow,,,,,,,,
Kenny Gainwell,RB,,,,,,,,,,,
Kenny Golladay,WR,,,,,,,,,,,
Kenny Hilliard,RB,,,,,,,,,,,
Kenny Lawler,WR,,,,,,,,,,,
Kenny McIntosh,RB,Knee,,,,,,,,,,
Kenny Pickett,QB,,,,,,,,,,,
Kenny Robinson,DB,,,,,,,,,,,
Kenny Stills,WR,,,,,,,,,,,
Kenny Vaccaro,DB,Ankle,,,,Groin,,,,,,
Kenny Willekes,DE,,,,,,,,,,,
Kenny Young,LB,,,,,,,,,,,
Kentavius Street,DT,,Knee,,,,Pectoral,,,,,
Kentrell Brothers,LB,,,,,,,,,,,
Kenyan Drake,RB,,,,,,Ankle,,,,,
Kenyon Green,OG,,Shoulder,,,,,,,,,
Keondre Coburn,DT,,,,,,,,,,,
Kerby Joseph,DB,,,,,,,,,,,
Kerrith Whyte,RB,,,,,,,,,,,
Kerryon Johnson,RB,Knee,Knee,,Knee,,,,,,,
Kerwynn Williams,RB,,,,,,,,,,,
Kevin Byard,DB,,,,,,,,,,,
Kevin Dodd,LB,Foot,,,,,,,,,,
Kevin Dorsey,WR,Toe,Foot,,,,,,,,,
Kevin Dotson,OG,,Ankle,,,,,,,,,
Kevin Harris,RB,,,,,,,,,,,
Kevin Hogan,QB,,,,,,,,,,,
Kevin Johnson,DB,,Foot,,Concussion,,,,,,,
Kevin King,DB,Shoulder,Hamstring,,,,,,,,,
Kevin Minter,LB,,,,,Hamstring,Calf,,,,,
Kevin Norwood,WR,,,Hip,Hip,,,,,,,
Kevin Pamphile,OG,,,,,Undisclosed,,,,,,
Kevin Pierre-Louis,LB,Shoulder,,,,Shoulder,,,Hamstring,Groin,,
Kevin White,WR,,Leg,Shoulder,,,,,Undisclosed,,,
Kevon Seymour,DB,,,Shoulder,,Knee,,,,,,
Khairi Fortt,LB,Undisclosed,,,,,,,,,,
Khaled Holmes,C,,,,,,,,,,,
Khaleke Hudson,LB,,Ankle,,,,,,,,,
Khalen Saunders,DT,,Elbow,Knee,,,,,,,,
Khalfani Muhammad,RB,,,,,,,,,,,
Khalid Kareem,DE,,Shoulder,Hamstring,Hip,,,,,,,
Khalid Wooten,LB,,,,,,,,,,,
Khalil Davis,DT,,,,,,,,,,,
Khalil Herbert,RB,,Hip,Ankle,,,,,,,,
Khalil Mack,LB,,,,,,,,Foot,,,
Khalil Shakir,WR,,,,,,,,,,,
Khari Willis,DB,,,Calf,,,,,,,,
Khaseem Greene,LB,,,,,,,,,,,
Khyiris Tonga,DT,,,,,,,,,,,
Khyri Thornton,DT,Hamstring,,,,,,,,,,
Kiero Small,RB,,,,,,,,,,,
Kiko Alonso,LB,,,,,,,,,,,
Kindle Vildor,DB,,,Ankle,,,,,,,,
Kingsley Enagbare,LB,,,,,,,,,,,
Kingsley Keke,DE,,,,,,,,,,,
Knile Davis,RB,,,,,,,,,,,
Ko Kieft,TE,,,,,,,,,,,
Kobie Turner,DT,,,,,,,,,,,
Kofi Amichia,OT,,,Undisclosed,,,,,,,,
Kolby Listenbee,WR,,,,,,,,,,,
Kolton Miller,OT,,,,,,,,,,,
Kony Ealy,DE,,,,,,,,,,,
Korey Cunningham,OT,Foot,,,,,,,,,,
Kris Boyd,DB,,Shoulder,,,,,,,,,
Kristian Fulton,DB,Knee,Hamstring,,Hamstring,,,,,,,
Kristjan Sokoli,DT,,,,Knee,,,,,,,
Kwity Paye,DE,,,,,,,,,,,
Kwon Alexander,LB,,,,Knee,Pectoral,Achilles,Elbow,,Achilles,,
Kyle Dugger,DB,,,,,,,,,,,
Kyle Emanuel,LB,,,,,,Concussion,,,,,
Kyle Fuller,C,,,,,,,,,,,
Kyle Fuller,DB,,,Knee,,,,,,Knee,,
Kyle Hamilton,DB,,,,,,,,,,,
Kyle Hinton,OG,,,,,,,,,,,
Kyle Juszczyk,RB,,,,,,,,,,,
Kyle Lauletta,QB,,,,,,,,,,,
Kyle Long,OG,,,,Ankle,Shoulder,Foot,Hip,,Knee,,
Kyle Murphy,OT,,Foot,Ankle,,,Undisclosed,,,,,
Kyle Philips,WR,Hamstring,Knee,,,,,,,,,
Kyle Pitts,TE,,Knee,,,,,,,,,
Kyle Trask,QB,,,,,,,,,,,
Kyle Van Noy,LB,Hernia,,,,,,,,,,
Kylen Granson,TE,,,,,,,,,,,
Kyler Fackrell,LB,,,,,Calf,Knee,,,,,
Kyler Gordon,DB,,Hand,,,,,,,,,
Kyler Murray,QB,,,,Knee,Knee,,,,,,
Kylie Fitts,LB,,,Hand,Concussion,,,,,,,
Kylin Hill,RB,Knee,Knee,,,,,,,,,
Kyren Williams,RB,Ankle,Ankle,,,,,,,,,
Kyron Johnson,LB,,,,,,,,,,,
Kyshoen Jarrett,DB,Neck,,,,,,,,,,
Kyu Blu Kelly,DB,,,,,,,,,,,
Kyzir White,LB,Knee,,Hamstring,,,Biceps,,,,,
L'Jarius Sneed,DB,Clavicle,,,,,,,,,,
L.J. Collier,DE,,,,Elbow,Biceps,,,,,,
Lachavious Simmons,OG,,,,Undisclosed,,,,,,,
Lache Seastrunk,RB,,,,,,,,,,,
Lachlan Edwards,P,,,,,,,,,,,
Laken Tomlinson,OG,,,,,,,,,,,
Lamar Jackson,QB,,,,,,,,,,,
Lamarcus Joyner,DB,,,,,,,,Triceps,Hip,,
Lamical Perine,RB,Ankle,,,,,,,,,,
Lamin Barrow,LB,,,Foot,,,,,,,,
Lamont Gaillard,C,,,,Calf,,,,,,,
Landon Collins,DB,,,Forearm,Shoulder,,Achilles,Foot,,,,
Landon Dickerson,OG,,,,,,,,,,,
Landon Young,OT,Foot,,,,,,,,,,
Landry Jones,QB,,,,,,,,,,,
Lane Johnson,OT,,,,,,,,Ankle,,,
Laquon Treadwell,WR,,,,,,,,,,,
Laremy Tunsil,OT,,,,,,Thumb,,,,,
Larnel Coleman,OT,Knee,,,,,,,,,,
Larrell Murchison,DT,,Elbow,,,,,,,,,
Larry Borom,OT,Ankle,,,,,,,,,,
Larry Ogunjobi,DT,,,,,Foot,,,,,,
Larry Rountree,RB,,,,,,,,,,,
Larry Warford,OG,,,,,,,,,,,
Larry Webster,DE,,,,,,,,,,,
Latavius Murray,RB,Ankle,,,,,,,,,,
Laurence Gibson,OT,,,,,,,,,,,
Laurent Duvernay-Tardif,OG,,,,,Leg,,,,,,
Lavar Edwards,DE,,,,,,,,,,,
Lavelle Westbrooks,DB,Thumb,,,,,,,,,,
Laviska Shenault,WR,,,,Ankle,,,,,,,
Le'Raven Clark,OT,,,,,Achilles,,,,,,
Le'Veon Bell,RB,,,Knee,,,,,Hamstring,,,
LeShaun Sims,DB,,Hamstring,,,,,,,,,
Lecitus Smith,OG,,,,,,,,,,,
Leighton Vander Esch,LB,,Neck,Clavicle,,,Neck,,,,,
Leki Fotu,DT,Ankle,,,Hand,,,,,,,
Leo Chenal,LB,,,,,,,,,,,
Leon Jacobs,LB,Quadriceps,,Knee,,,,,,,,
Leon McFadden,DB,,,,,Hamstring,,,,,,
Leon McQuay,DB,,,,,,,,,,,
Leonard Floyd,LB,,Knee,,,,,,,,,
Leonard Fournette,RB,,,,,Hamstring,,,,,,
Leonard Williams,DE,,,,,,,,,,,
Leonte Carroo,WR,,,,,,,,,,,
Leterrius Walton,DE,,,,,Knee,,,,,,
Levi Onwuzurike,DE,,,,,,,,,,,
Levine Toilolo,TE,,,,,,,,,,,
Lew Nichols,RB,Shoulder,,,,,,,,,,
Lewis Cine,DB,Leg,,,,,,,,,,
Liam Eichenberg,OT,,Knee,,,,,,,,,
Lloyd Cushenberry,C,,,Groin,,,,,,,,
Logan Bruss,OG,Knee,,,,,,,,,,
Logan Cooke,P,,,,Knee,,,,,,,
Logan Hall,DE,,,,,,,,,,,
Logan Ryan,DB,,,,,,Leg,,,,Foot,
Logan Stenberg,OG,,Undisclosed,,,,,,,,,
Logan Thomas,TE,,,,,,,,Hamstring,,,
Logan Wilson,LB,,,,,,,,,,,
Logan Woodside,QB,,,,,,,,,,,
Lonnie Ballentine,DB,,Knee,Knee,,,,,,,,
Lonnie Johnson,DB,,,,Hamstring,,,,,,,
Lorenzo Carter,LB,,,Achilles,,,,,,,,
Lorenzo Doss,DB,,,,,,,,,,,
Lorenzo Mauldin,DL,,,,,,,,,,,
Lorenzo Taliaferro,RB,Foot,Foot,Foot,,,,,,,,
Louis Nix,DT,Knee,,,,,,,,,,
Lucas Niang,OT,,Knee,Knee,,,,,,,,
Lukas Van Ness,LB,,,,,,,,,,,
Luke Bowanko,C,,,Hip,,,,,,,,
Luke Falk,QB,Wrist,,,,,,,,,,
Luke Farrell,TE,,,,,,,,,,,
Luke Fortner,C,,,,,,,,,,,
Luke Goedeke,OT,,,,,,,,,,,
Luke Joeckel,OT,Ankle,,,Knee,,,,,,,
Luke Musgrave,TE,Kidney,,,,,,,,,,
Luke Schoonmaker,TE,,,,,,,,,,,
Luke Tenuta,OT,,Ankle,,,,,,,,,
Luke Wattenberg,C,,,,,,,,,,,
Luke Willson,TE,,,,,,,,,,,
Luke Wypler,C,,,,,,,,,,,
Lynn Bowden,WR,,Hamstring,,,,,,,,,
M.J. Stewart,DB,,,,Hamstring,,Shoulder,,,,,
Mac Jones,QB,,,,,,,,,,,
Mack Hollins,WR,,Groin,,,,,,,,,
Mack Wilson,LB,,,,,,,,,,,
Mackensie Alexander,DB,Undisclosed,,,Knee,,,Groin,,,,
Malachi Dupre,WR,,,,,,,,,,,
Malaesala Aumavae-Laulu,OT,,,,,,,,,,,
Malcolm Johnson,RB,Groin,,,Undisclosed,Shoulder,,,,,,
Malcolm Koonce,DE,,,,,,,,,,,
Malcolm Mitchell,WR,,Knee,,,,,,,,,
Malcolm Perry,RB,,Foot,,,,,,,,,
Malcolm Rodriguez,LB,,,,,,,,,,,
Malcom Brown,DT,,,,,,,,,,,
Maliek Collins,DT,,,,,Undisclosed,,,,,,
Malik Harrison,LB,,,,,,,,,,,
Malik Hooker,DB,Knee,,,Achilles,,,,,,,
Malik Jefferson,LB,Foot,,Shoulder,,,,,,,,
Malik McDowell,DT,,,,,,,,,,,
Malik Willis,QB,,,,,,,,,,,
Malliciah Goodman,DE,,,,,,,,,,,
Manti Te'o,LB,,,,Achilles,,,,,,,
Marc Anthony,DB,,,,,,,,,,,
Marcell Ateman,WR,,,,,,,,,,,
Marcell Harris,DB,Achilles,,,,,,,,,,
Marco Wilson,DB,,,,,,,,,,,
Marcus Allen,LB,,,,,Biceps,,,,,,
Marcus Cooper,DB,,,,,,,,,,,
Marcus Davenport,LB,,Foot,,Shoulder,,Ankle,,,,,
Marcus Epps,DB,,,,,,,,,,,
Marcus Green,WR,,,,,,,,,,,
Marcus Hardison,DT,,Shoulder,,,,,,,,,
Marcus Jones,DB,,Shoulder,,,,,,,,,
Marcus Lattimore,RB,,,,,,,,,,,
Marcus Mariota,QB,,Leg,,,,Pectoral,Quadriceps,Knee,,,
Marcus Martin,C,,,Ankle,,Toe,,,Undisclosed,,,
Marcus Maye,DB,,Shoulder,,,Achilles,,Shoulder,,,,
Marcus McKethan,OG,,,,,,,,,,,
Marcus Murphy,RB,Ankle,,,Elbow,,,,,,,
Marcus Peters,DB,,,,,,,Knee,,,,
Marcus Smith,DE,,,,,,,,,,,
Marcus Williams,DB,,,,,,Wrist,,,,,
Margus Hunt,DE,,,,,,,,,,,
Mario Alford,WR,,Ankle,,,,,,,,,
Mario Edwards Jr.,DE,Neck,Hip,,,,,,,,,
Marion Grice,RB,,Shoulder,,,,,,,,,
Mark Andrews,TE,,,,,,Ankle,,,,,
Mark Glowinski,OG,,,,,,,,,,,
Mark Nzeocha,LB,,,,,,Quadriceps,,,,,
Mark Robinson,LB,,,,,,,,,,,
Mark Walton,RB,,,,,,,,,,,
Mark Webb,DB,Knee,,,,,,,,,,
Markus Bailey,LB,,,,,,,,,,,
Markus Golden,LB,,,Knee,,,,,,,,
Markus Wheaton,WR,,,,Shoulder,,,,,,,
Marlon Davidson,DT,,,,,,,,,,,
Marlon Humphrey,DB,,,,,Pectoral,,,,,,
Marlon Mack,RB,,,,Achilles,,Hamstring,,,,,
Marlon Tuipulotu,DT,,Knee,,,,,,,,,
Marqise Lee,WR,,,,,Knee,Shoulder,,,,,
Marquel Lee,LB,,,Ankle,,,,,,,,
Marquess Wilson,WR,,Clavicle,Foot,Foot,,,,,,,
Marqueston Huff,DB,,,,,Undisclosed,,,,,,
Marquez Stevenson,WR,Foot,,,,,,,,,,
Marquez Valdes-Scantling,WR,,,,Hamstring,,,,,,,
Marquez White,DB,,,,,,,,,,,
Marquez Williams,RB,Undisclosed,,,,,,,,,,
Marqui Christian,DB,Ankle,Shoulder,,,,,,,,,
Marquis Flowers,LB,,Shoulder,,,,,,,,,
Marquis Hayes,OG,Knee,,,,,,,,,,
Marquis Haynes,DE,,,,,,Back,,,,,
Marquis Spruill,LB,,,,,,,,,,,
Marquise Blair,DB,,Knee,Knee,,,,,,,,
Marquise Brown,WR,,,,Foot,Heel,,,,,,
Marquise Goodwin,WR,,,Ribs,,,,Knee,,,Shoulder,
Marquiss Spencer,DE,,Knee,,,,,,,,,
Marshon Lattimore,DB,,,,,,,Ankle,,,,
Martavis Bryant,WR,,,,,Knee,,,,,,
Marte Mapu,LB,,,,,,,,,,,
Martin Emerson,DB,,,,,,,,,,,
Martin Ifedi,DE,,,,,,,,,,,
Martinas Rankin,OG,,Knee,,,,,,,,,
Martrell Spaight,LB,Concussion,,,,,,,,,,
Marvell Tell,DB,,,,,Concussion,,,,,,
Marvin Mims,WR,,,,,,,,,,,
Mason Cole,C,,,,Elbow,,,,,,,
Mason Rudolph,QB,,Shoulder,,,,,,,,,
Mason Schreck,TE,Knee,Knee,,,,,,,,,
Matt Araiza,P,,,,,,,,,,,
Matt Barkley,QB,,,,,,Knee,,,,,Elbow
Matt Corral,QB,Lisfranc,,,,,,,,,,
Matt Dayes,RB,,,,,,,,,,,
Matt Elam,DB,,,,Knee,,,,,,,
Matt Farniok,OG,,Hamstring,,,,,,,,,
Matt Gay,K,,,,,,,,,,,
Matt Hazel,WR,,,,,,,,,,,
Matt Hennessy,C,,,Knee,,,,,,,,
Matt Henningsen,DE,,,,,,,,,,,
Matt Ioannidis,DT,,,,,Biceps,,,,,,
Matt Jones,RB,,,,,,,,,,,
Matt Judon,LB,,,,,,,,Biceps,,,
Matt Milano,LB,,Leg,,Pectoral,,,Leg,,,,
Matt Paradis,C,,,,,Leg,,,Knee,,,
Matt Peart,OT,,Knee,Knee,Shoulder,,,,,,,
Matt Pryor,OT,,,,,,,,,,,
Matt Waletzko,OT,Shoulder,Shoulder,,,,,,,,,
Matthew Adams,LB,,,Ankle,,Calf,,,,,,
Matthew Bergeron,OT,,,,,,,,,,,
Matthew Butler,DT,,,,,,,,,,,
Matthew Wells,LB,,,,,,,,,,,
Maurice Alexander,DB,,,,,,Knee,,,,,
Maurice Canady,DB,Hamstring,Knee,Thigh,,,Concussion,,,,,
Maurice Hurst,DT,,,,Ankle,,Pectoral,,,,,
Max Duggan,QB,,,,,,,,,,,
Max Garcia,OG,,,,Knee,Knee,,,,,,
Max Mitchell,OT,Knee,,,,,,,,,,
Max Scharping,OG,,,,,,,,,,,
Max Tuerk,C,,,,,,,,,,,
Max Valles,LB,,,,,,,,,,,
Maxx Crosby,DE,,,,,,,,,,,
Maxx Williams,TE,,Knee,,,,Ankle,Knee,,,,
Mazi Smith,DT,,,,,,,,,,,
McTelvin Agim,DT,,,,,,,,,,,
Mecole Hardman,WR,,,,Abdomen,Thumb,,,,,,
Mekhi Becton,OT,,Knee,,,,,,,,,
Mekhi Blackmon,DB,,,,,,,,,,,
Melvin Gordon,RB,Knee,,,,,,,,,,
Menelik Watson,OT,,,Achilles,,Calf,,,,,,
Micah Hyde,DB,,,,,,,,,,Neck,
Micah Kiser,LB,,Pectoral,Knee,Groin,,,,,,,
Micah McFadden,LB,,,,,,,,,,,
Micah Parsons,LB,,,,,,,,,,,
Michael Bennett,DT,,Calf,Pectoral,,,,,,,,
Michael Bowie,OT,,,Shoulder,,,,,,,,
Michael Buchanan,DE,,Ankle,,,,,,,,,
Michael Burton,RB,,,,,,,,,,,
Michael Campanaro,WR,,Back,Calf,,,,,,,,
Michael Carter,DB,,,,,,,,,,,
Michael Carter,RB,Ankle,,,,,,,,,,
Michael Cox,RB,,Leg,,,,,,,,,
Michael Deiter,OG,,,Foot,,,,,,,,
Michael Dickson,P,,,,,,,,,,,
Michael Dogbe,DE,,,,,,,,,,,
Michael Gallup,WR,,,,Calf,,,,,,,
Michael Jackson,DB,,,,,,,,,,,
Michael Jordan,OG,,,,,,,,,,,
Michael Mauti,LB,,Knee,,,,,,,,,
Michael Mayer,TE,Toe,,,,,,,,,,
Michael Ojemudia,DB,,Hamstring,Elbow,,,,,,,,
Michael Onwenu,OG,,,,,,,,,,,
Michael Pittman,WR,Leg,,,,,,,,,,
Michael Roberts,TE,,Shoulder,,,,,,,,,
Michael Sam,DE,,,,,,,,,,,
Michael Schofield,OG,,,,,,,,,Knee,,
Michael Thomas,WR,,,,,Ankle,,Toe,Knee,,,
Michael Williams,TE,Hand,,,,,,,,,,
Michael Wilson,WR,,,,,,,,,,,
Michael Woods,WR,,,,,,,,,,,
Michal Menet,C,,,,,,,,,,,
Micheal Clemons,DE,,,,,,,,,,,
Mike Catapano,DE,,,Foot,Knee,,,,,,,
Mike Danna,DE,Hamstring,,,,,,,,,,
Mike Davis,RB,Hand,,,,,,,,,,
Mike Edwards,DB,,,,,,,,,,,
Mike Evans,WR,,,,,,Hamstring,,,,,
Mike Gesicki,TE,,,,,,,,,,,
Mike Gillislee,RB,,Hamstring,,,,,,,,,
Mike Glennon,QB,,,,,,,,,,,
Mike Hughes,DB,Knee,Neck,Neck,,,,,,,,
Mike James,RB,Ankle,,,Undisclosed,,,,,,,
Mike McGlinchey,OT,,,,Quadriceps,,Ribs,,,,,
Mike Morris,DE,Shoulder,,,,,,,,,,
Mike Strachan,WR,,,,,,,,,,,
Mike Thomas,WR,,,Groin,,,,,,,,
Mike Tyson,DB,,Knee,Undisclosed,,,,,,,,
Mike Weber,RB,,,,,,,,,,,
Mike White,QB,,,,,,,,,,,
Mike Williams,WR,,,,,,,Knee,,,,
Miles Boykin,WR,,,Hamstring,,,,,,,,
Miles Killebrew,DB,,,,,,,,,,,
Miles Sanders,RB,,,Ankle,,,,,,,,
Milton Williams,DT,,,,,,,,,,,
Minkah Fitzpatrick,DB,,,,,,,,,,,
Mitch Morse,C,,,Foot,,,,,,,,
Mitch Wishnowsky,P,,,,,,,,,,,
Mitchell Trubisky,QB,,,,,,,,,,,
Mitchell Van Dyk,OT,,Ankle,,,,,,,,,
Montae Nicholson,DB,Concussion,,Neck,,,,,,,,
Montaric Brown,DB,,,,,,,,,,,
Montee Ball,RB,,Groin,,,,,,,,,
Montez Sweat,DE,,,Jaw,,,,,,,,
Montori Hughes,DT,Knee,,,,,,,,,,
Montravius Adams,DT,,,,Toe,,,,,,,
Montrell Washington,WR,,,,,,,,,,,
Monty Rice,LB,Ankle,Achilles,,,,,,,,,
Morgan Moses,OT,Lisfranc,,,,,,,,,,
Moritz Böhringer,WR,,,,,,,,,,,
Moro Ojomo,DT,,,,,,,,,,,
MyCole Pruitt,TE,,,Calf,,,,Ankle,,,,
Mychal Rivera,TE,,,,,,,,,,,
Myjai Sanders,DE,,Hand,,,,,,,,,
Mykal Walker,LB,,,,,,,,,,,
Mykkele Thompson,DB,Achilles,Knee,,,,,,,,,
Myles Garrett,DE,,,,,,,,,,,
Myles Gaskin,RB,Ankle,Knee,,Illness,,,,,,,
Myles Jack,LB,,,,Knee,,,,,,,
Myles Murphy,DE,,,,,,,,,,,
N'Keal Harry,WR,Ankle,,Shoulder,Ankle,,,,,,,
Nahshon Wright,DB,,,Ankle,,,,,,,,
Najee Harris,RB,,,,,,,,,,,
Nakobe Dean,LB,,Foot,,,,,,,,,
Nasir Adderley,DB,Hamstring,,,,,,,,,,
Nat Berhe,DB,,,,,Pectoral,,,,,,
Nate Davis,OG,,,,Ankle,,,,,,,
Nate Freese,K,,,,,,,,,,,
Nate Gerry,LB,,,,Ankle,,Undisclosed,,,,,
Nate Hairston,DB,,,,,,,,,,,
Nate Hobbs,DB,,Hand,,,,,,,,,
Nate Orchard,LB,,Ankle,,,,,,,,,
Nate Palmer,LB,,Knee,,,,,,,,,
Nate Sudfeld,QB,,,,,,,,Knee,,,
Nathan Peterman,QB,,,Elbow,,,,,,,,
Nathan Shepherd,DT,,,,,,,,,,,
Nathan Stanley,QB,,,,,,,,,,,
Nathaniel Dell,WR,Leg,,,,,,,,,,
Natrell Jamerson,DB,,Foot,,,,,,,,,
Nazair Jones,DT,Ankle,,Knee,,,,,,,,
Nazeeh Johnson,DB,,,,,,,,,,,
Neal Sterling,TE,,,,Concussion,,,,,,,
Neil Farrell,DE,,,,,,,,,,,
Neiron Ball,LB,Knee,Undisclosed,,,,,,,,,
Nelson Agholor,WR,,,,,,,,,,,
Nesta Jade Silvera,DT,,,,,,,,,,,
Netane Muti,OG,,,,,,,,,,,
Neville Gallimore,DT,,Elbow,,,,,,,,,
Nevin Lawson,DB,Toe,,,,,,,,,,
Nic Jones,DB,,,,,,,,,,,
Nicholas Petit-Frere,OT,,Shoulder,,,,,,,,,
Nicholas Williams,DE,Knee,,,,,,,,,Biceps,
Nick Allegretti,OG,,,,,,,,,,,
Nick Bawden,RB,,Knee,,,,,,,,,
Nick Bolton,LB,,,Wrist,,,,,,,,
Nick Bosa,DE,,Knee,,,,,,,,,
Nick Boyle,TE,,,,,,Knee,Knee,,,,
Nick Broeker,OG,,,,,,,,,,,
Nick Chubb,RB,,,Knee,,,Knee,,,,,
Nick Cross,DB,,,,,,,,,,,
Nick Hampton,LB,,,,,,,,,,,
Nick Harris,C,Knee,Hamstring,Knee,,,,,,,,
Nick Herbig,LB,,,,,,,,,,,
Nick Kasa,TE,,Knee,,,,,,,,,
Nick Kwiatkoski,LB,,,,,,Ankle,,,,,
Nick Martin,C,,Ankle,,,,,,,,,
Nick Moody,LB,Hand,,Hamstring,,,,,,,,
Nick Muse,TE,,,,,,,,,,,
Nick Nelson,DB,,Knee,,,,,,,,,
Nick Niemann,LB,,,,,,,,,,,
Nick O'Leary,TE,,,,,,,,,,,
Nick Saldiveri,OG,Shoulder,,,,,,,,,,
Nick Scott,DB,,,,Shoulder,,,,,,,
Nick Vannett,TE,,,,,,Knee,,,,,
Nick Vigil,LB,,Ankle,,,,,Hamstring,,,,
Nick Zakelj,OT,,Biceps,,,,,,,,,
Nico Collins,WR,Shoulder,Foot,,,,,,,,,
Nico Johnson,LB,,,,,,,,,,,
Nico Siragusa,OG,,,,,,,,,,,
Nik Bonitto,LB,,,,,,,,,,,
Noah Brown,WR,,Hamstring,,,Groin,,Groin,,,,
Noah Fant,TE,,,,,,,,,,,
Noah Gray,TE,,,,,,,,,,,
Noah Igbinoghene,DB,,,,,,,,,,,
Noah Sewell,LB,,,,,,,,,,,
Noah Spence,DE,,Shoulder,,,,,,,,,
Nolan Smith,LB,,,,,,,,,,,
Nyheim Hines,RB,,,,,,,,,,,
O'Cyrus Torrence,OG,,,,,,,,,,,
O.J. Howard,TE,Ankle,Foot,,Achilles,,,,,,,
Obi Melifonwu,DB,Ankle,Undisclosed,,,,,,,,,
Obum Gwacham,DL,,Undisclosed,,,,,,,,,
Ochaun Mathis,LB,Knee,,,,,,,,,,
Oday Aboushi,OG,,,,,Shoulder,,,,Knee,,
Odell Beckham Jr.,WR,,,,Ankle,,,Knee,,,,
Ogbonnia Okoronkwo,DE,Foot,,Elbow,Shoulder,,,,,,,
Olabisi Johnson,WR,,,,Knee,,,,,,,
Olisaemeka Udoh,OG,,,,,Quadriceps,,,,,,
Olusegun Oluwatimi,C,,,,,,,,,,,
Oren Burks,LB,,,,,,,,,,,
Orlando Brown,OT,,,,,,,,,,,
Osa Odighizuwa,DT,,,,,,,,,,,
Oshane Ximines,LB,,Shoulder,,,,,,,,,
Otito Ogbonnia,DT,Knee,Knee,,,,,,,,,
Owamagbe Odighizuwa,DE,Hamstring,,,,,,,,,,
Owen Pappoe,LB,,,,,,,,,,,
P.J. Hall,DT,,,Pectoral,,,,,,,,
P.J. Williams,DB,,Concussion,,,,,,Quadriceps,,,
PJ Johnson,DT,,,,,,,,,,,
Paris Johnson,OT,,,,,,,,,,,
Parker Ehinger,OG,Knee,,Knee,Shoulder,,,,,,,
Parker Washington,WR,Knee,,,,,,,,,,
Parris Campbell,WR,Foot,Knee,Foot,,,,,,,,
Parry Nickerson,DB,,,Hamstring,,,,,,,,
Pat Elflein,C,,,,Undisclosed,Hamstring,Hip,Undisclosed,,,,
Pat Freiermuth,TE,,,Hamstring,,,,,,,,
Pat O'Connor,DE,,,,,Knee,,,,,,
Pat O'Donnell,P,,,,,,,,,,,
Patrick Johnson,LB,,,,,,,,,,,
Patrick Jones,LB,,,,,,,,,,,
Patrick Mahomes,QB,,,,,,,,,,,
Patrick Queen,LB,,,,,,,,,,,
Patrick Surtain,DB,Calf,,,,,,,,,,
Paul Dawson,LB,,,,,,,,,,,
Paul Perkins,RB,,,,,,,,,,,
Paul Richardson,WR,Knee,Knee,,,Shoulder,Hamstring,,,,,
Paulson Adebo,DB,,,,,,,,,,,
Paxton Lynch,QB,,,,,,,,,,,
Payne Durham,TE,,,,,,,,,,,
Payton Turner,DE,Shoulder,,Toe,,,,,,,,
Penei Sewell,OT,,,,,,,,,,,
Percy Butler,DB,,Wrist,,,,,,,,,
Perrion Winfrey,DT,,,,,,,,,,,
Pete Werner,LB,,,,,,,,,,,
Peter Kalambayi,LB,,,,,,,,,,,
Peter Skoronski,OT,,,,,,,,,,,
Pharoh Cooper,WR,,,Ankle,,,,,,,,
Phidarian Mathis,DT,Knee,Calf,,,,,,,,,
Phil Haynes,OG,Hernia,Undisclosed,,,Toe,,,,,,
Phil Hoskins,DT,,,,,,,,,,,
Phillip Dorsett,WR,,,,,,,Ankle,,,,
Phillip Gaines,DB,,Knee,,Elbow,,Concussion,,,,,
Phillip Thomas,DB,Lisfranc,,,,,,,,,,
Pierre Desir,DB,,,,Pectoral,,,,,,,
Pierre Strong,RB,,,,,,,,,,,
Pita Taumoepenu,LB,,,Hamstring,,,,,,,,
Pressley Harvin,P,,,,,,,,,,,
Preston Brown,LB,,,,,Ankle,,,,,,
Preston Smith,LB,,,,,,,,,,,
Prince Charles Iworah,DB,,Undisclosed,,,,,,,,,
Prince Shembo,LB,,,,,,,,,,,
Prince Tega Wanogho,OT,,,,Quadriceps,,,,,,,
Puka Nacua,WR,,,,,,,,,,,
Qadree Ollison,RB,,,,,,,,,,,
Quandre Diggs,DB,,Pectoral,,,,,,,,,
Quanterus Smith,DE,Knee,Knee,,,,,,,,,
Quay Walker,LB,,,,,,,,,,,
Quentin Johnston,WR,,,,,,,,,,,
Quentin Lake,DB,Knee,,,,,,,,,,
Quentin Poling,LB,,Undisclosed,,,,,,,,,
Quenton Nelson,OG,,,,Ankle,,,,,,,
Quez Watkins,WR,Upper Body,,,Hamstring,,,,,,,
Quincy Enunwa,WR,,,,,Ankle,Neck,,,,,
Quincy Roche,LB,,,,,,,,,,,
Quincy Williams,LB,Hand,Core Muscle,,,,,,,,,
Quincy Wilson,DB,,,,,Ankle,,,,,,
Quinn Meinerz,OG,,,,,,,,,,,
Quinnen Williams,DT,,Concussion,,,,,,,,,
Quinten Rollins,DB,,,Ankle,Hamstring,,,,,,,
Quintez Cephus,WR,,Clavicle,Foot,,,,,,,,
Quinton Bell,LB,,,,,,,,,,,
Quinton Bohanna,DT,,,,,,,,,,,
Quinton Dial,DT,,,,,,,,,,,
Quinton Jefferson,DT,Knee,,,,,,,Hip,,,
Quinton Patton,WR,,,,Foot,,,,,,,
RJ McIntosh,DT,,,,,,,,,,,
Ra'Shede Hageman,DT,,,,,,Neck,,,,,
Racey McMath,WR,Quadriceps,Hip,,,,,,,,,
Rachaad White,RB,,,,,,,,,,,
Rachad Wildgoose,DB,,,,,,,,,,,
Raekwon Davis,DT,,Knee,,,,,,,,,
Raekwon McMillan,LB,Knee,,Hamstring,,,,,,,,
Rakeem Nunez-Roches,DT,,,,,,,,,,,
Ramik Wilson,LB,,,,,,,,,,,
Randall Evans,DB,,,,,,,,,,,
Randall Telfer,TE,,,,,,,,,,,
Randell Johnson,LB,,Ankle,Undisclosed,,,,,,,,
Randy Gregory,DE,,,,,,,Calf,Knee,,,
Rashaad Penny,RB,,Knee,Knee,Calf,Ankle,,,,,,
Rashaan Evans,LB,,,,,,,,,,,
Rashaan Gaulden,DB,,,,,,,,,,,
Rashad Fenton,DB,,,,,,,,,,,
Rashad Greene,WR,Thumb,Achilles,Undisclosed,,,,,,,,
Rashad Weaver,LB,Leg,,,,,,,,,,
Rashan Gary,LB,,,,Knee,,,,,,,
Rashard Higgins,WR,,,,,,,,,,,
Rashard Lawrence,DT,Calf,Calf,Shoulder,,,,,,,,
Rashard Robinson,DB,,,,,,Hamstring,Undisclosed,,,,
Rashawn Slater,OT,,Biceps,,,,,,,,,
Rashee Rice,WR,,,,,,,,,,,
Rasheed Walker,OT,,,,,,,,,,,
Rasheem Green,DE,,,Neck,,,,,,,,
Rashod Bateman,WR,Groin,Foot,,,,,,,,,
Rasul Douglas,DB,,,,,,,,,,,
Ray Ray McCloud,WR,,,,,,Ribs,,,,,
Raymond Calais,RB,Undisclosed,Ankle,,,,,,,,,
Raymond Vohasek,DT,,,,,,,,,,,
Rayshawn Jenkins,DB,,,,,Ankle,,,,,,
Rees Odhiambo,OT,,Hand,,Chest,,,,,,,
Reggie Ragland,LB,,,,,,,,,,,
Reggie Robinson,DB,,Toe,,,,,,,,,
Reginald McKenzie,OG,,,,,,,,,,,
Reid Fragel,OT,,,Concussion,,,,,,,,
Renell Wren,DT,Hip,,,,,,,,,,
Reshard Cliett,LB,,,,,,,,,,,
Reuben Foster,LB,,,,,,,,,,,
Rex Burkhead,RB,,,,,,Neck,,Knee,,,
Rhamondre Stevenson,RB,,,Ankle,,,,,,,,
Ricardo Allen,DB,,,,,Achilles,,,Hand,,,
Ricardo Louis,WR,,,,,,,,,,,
Richard LeCounte,DB,,,,,,,,,,,
Richard Rodgers,TE,,,,,Knee,Foot,,,Knee,,
Richie Grant,DB,,,,,,,,,,,
Richie James,WR,,,Hamstring,Knee,,Knee,,,,,
Rick Leonard,OT,,,,Undisclosed,,,,,,,
Ricky Stromberg,C,Knee,,,,,,,,,,
Ricky Wagner,OT,,Foot,,,,,,,,,
Rico Gathers,TE,,Concussion,,,,,,,,,
Riley Dixon,P,,,,,,,,,,,
Riley Moss,DB,,,,,,,,,,,
Riley Ridley,WR,,,,,,,,,,,
Rob Blanchflower,TE,,,,,,,,,,,
Rob Havenstein,OT,,,,,,,,,,,
Robert Alford,DB,,Wrist,,,,,Leg,,Pectoral,,
Robert Beal,DE,Hamstring,,,,,,,,,,
Robert Davis,WR,,Knee,,,,,,,,,
Robert Hainsey,C,,,,,,,,,,,
Robert Herron,WR,,Hamstring,,,,,,,,,
Robert Hunt,OG,,,,,,,,,,,
Robert Myers,OG,,,,,,,,,,,
Robert Nkemdiche,DT,,,Knee,Knee,,,,,,,
Robert Rochell,DB,Chest,,,,,,,,,,
Robert Windsor,DT,,,,,,,,,,,
Robert Woods,WR,,,Groin,,,,,,Knee,,
Roberto Aguayo,K,,,,,,,,,,,
Rock Ya-Sin,DB,,,,Knee,,,,,,,
Rod Taylor,OG,Knee,,,,,,,,,,
Rodarius Williams,DB,Knee,Knee,,,,,,,,,
Roderick Johnson,OT,Knee,,,,,,Undisclosed,,,,
Rodney Adams,WR,,,,,,,,,,,
Rodney Anderson,RB,Knee,,,,,,,,,,
Rodney Gunter,DT,,,,,Toe,,,,,,
Rodney Thomas,DB,,,,,,,,,,,
Roger McCreary,DB,,,,,,,,,,,
Romeo Doubs,WR,,,,,,,,,,,
Ronald Blair,DT,,Thumb,,Knee,,,,,,,
Ronald Darby,DB,,,,Knee,Hip,,Hamstring,Knee,,,
Ronald Jones II,RB,,,,,,,,,,,
Ronald Powell,LB,,,,,,,,,,,
Rondale Moore,WR,,Groin,,,,,,,,,
Ronnie Bell,WR,,,,,,,,,,,
Ronnie Harrison,LB,Knee,,Shoulder,,,,,,,,
Ronnie Perkins,LB,Ankle,Undisclosed,,,,,,,,,
Ronnie Stanley,OT,,,,,Ankle,Ankle,,,,,
Roquan Smith,LB,,Pectoral,,,,,,,,,
Rory Anderson,TE,Undisclosed,,,,,,,,,,
Roschon Johnson,RB,,,,,,,,,,,
Ross Blacklock,DT,,,,,,,,,,,
Ross Cockrell,DB,,,,,,,,,,,
Ross Pierschbacher,C,,,,,,,,,,,
Roy Lopez,DT,,,Hamstring,,,,,,,,
Royce Freeman,RB,,,,,,,,,,,
Royce Newman,OG,,,,,,,,,,,
Rufus Johnson,DE,,,,,,,,,,,
Russ Yeast,DB,,,,,,,,,,,
Russell Bodine,C,,,,,Leg,,,,,,
Russell Gage,WR,,,,,,Knee,,,,,
Ryan Anderson,LB,,,,Knee,,,,,,,
Ryan Carrethers,DT,,,,,,,,,,,
Ryan Connelly,LB,Knee,,Knee,Knee,,,,,,,
Ryan Finley,QB,,,,,,,,,,,
Ryan Glasgow,DT,,Knee,Knee,,,,,,,,
Ryan Grant,WR,,,,,,,,,,,
Ryan Griffin,TE,,,Knee,,Concussion,,Ankle,,Knee,,
Ryan Hayes,OT,,,,,,,,,,,
Ryan Izzo,TE,Ankle,,Hamstring,,,,,,,,
Ryan Jensen,C,,,,,,,,,,Knee,
Ryan Kelly,C,,Concussion,,,,,,,,,
Ryan Murphy,DB,,,,,,,,,,,
Ryan Nassib,QB,,,,Elbow,,,,,,,
Ryan Ramczyk,OT,,,,,,,Knee,,,,
Ryan Russell,DE,Abdomen,,,,,,,,,,
Ryan Seymour,OG,,,,,,,,,,,
Ryan Shazier,LB,,,,Spine,,,,,,,
Ryan Smith,DB,,,,,,Core Muscle,,,,,
Ryan Switzer,WR,,,Back,,Foot,,,,,,
Ryan Swope,WR,,,,,,,,,,,
Ryquell Armstead,RB,,,,,,,,,,,
Saahdiq Charles,OG,Knee,,Concussion,Calf,,,,,,,
Sam Barrington,LB,Hamstring,,Foot,,Undisclosed,,,,,,
Sam Darnold,QB,,,,Shoulder,Ankle,,,,,,
Sam Ehlinger,QB,Knee,,,,,,,,,,
Sam Howell,QB,,,,,,,,,,,
Sam Hubbard,DE,,,Elbow,,,,,,,,
Sam Jones,OG,,,,,,,,,,,
Sam LaPorta,TE,,,,,,,,,,,
Sam Martin,P,,,,,,,,,,,
Sam Montgomery,DE,,,,,,,,,,,
Sam Roberts,DT,,,,,,,,,,,
Sam Rogers,RB,,,,,,,,,,,
Sam Tevi,OT,,,,,Knee,,,,,,
Sam Williams,DE,,,,,,,,,,,
Sam Womack,DB,,Knee,,,,,,,,,
Samaje Perine,RB,,,,,,,,,,,
Sammie Coates,WR,,,,,,,,,,,
Sammy Watkins,WR,,,Foot,,,,,,Hamstring,,
Samori Toure,WR,,Knee,,,,,,,,,
Samson Ebukam,DE,,,,,,,,,,,
Samuel Cosmi,OG,Hip,,,,,,,,,,
Samuel Sloman,K,,,,,,,,,,,
Sanders Commings,DB,Clavicle,,Undisclosed,,,,,,,,
Saquan Hampton,DB,Undisclosed,Undisclosed,,,,,,,,,
Saquon Barkley,RB,,,Knee,,,,,,,,
Scooby Wright,LB,,,,,,,,,,,
Scott Crichton,DE,,Concussion,,,,,,,,,
Scott Matlock,DT,,,,,,,,,,,
Scott Miller,WR,Hamstring,,Toe,,,,,,,,
Scott Quessenberry,C,,,,,,,,,,,
Sean Clifford,QB,,,,,,,,,,,
Sean Davis,DB,,,,Shoulder,,,,,,,
Sean Harlow,OG,,,,,,,,,,,
Sean Mannion,QB,,,,,,,,,,,
Sean Murphy-Bunting,DB,,,Elbow,,,,,,,,
Sean Porter,LB,Shoulder,Knee,,Hamstring,,,,,,,
Sean Renfree,QB,Shoulder,,,,,,,,,,
Sean Rhyan,OG,,,,,,,,,,,
Seantrel Henderson,OT,,,,,Ankle,,,,,,
Sebastian Joseph,DT,,,,Pectoral,,,,,,,
Sebastian Tretola,OG,,,,,,,,,,,
Senquez Golson,DB,Shoulder,,,,,,,,,,
Seth Devalve,TE,,,,,,,,,,,
Seth Williams,WR,,,,,,,,,,,
Shaka Toney,DE,,,,,,,,,,,
Shalom Luani,DB,,,,,,,,,,,
Shamar Stephen,DT,,Knee,,,,,,,,,
Shamarko Thomas,DB,,,,Concussion,,,,,,,
Shane Lemieux,OG,,Knee,Foot,Biceps,,,,,,,
Shane Ray,DL,,,Wrist,,,,,,Hamstring,,
Shaq Lawson,DE,Shoulder,Ankle,,,,,,,,,
Shaq Thompson,LB,,,,Shoulder,,,,,Leg,,
Shaquelle Evans,WR,,,,,,,,,,,
Shaquem Griffin,LB,,,,,,,,,,,
Shaquill Griffin,DB,,,,,,Back,,,,,
Shaquille Leonard,LB,,,,,Back,,,,,,
Shaquille Mason,OG,,,,,,,,,,,
Shaquille Quarterman,LB,Knee,,,,,,,,,,
Shaquille Richardson,DB,,,,,,,,,,,
Shaquille Riddick,DE,,,,,,,,,,,
Shareef Miller,LB,,,,,,,,,,,
Sharrif Floyd,DT,,,,Knee,,,,,,,
Shaun Bradley,LB,Neck,,Wrist,Achilles,,,,,,,
Shaun Dion Hamilton,LB,,,Elbow,Undisclosed,,,,,,,
Shaun Wade,DB,,,,,,,,,,,
Shawn Davis,DB,,Abdomen,,,,,,,,,
Shawn Williams,DB,,,,,,,,,,,
Shelby Harris,DT,,,,,,,Knee,,,,
Sheldon Day,DT,,,,,Knee,,,,,,
Sheldon Rankins,DT,Leg,,Achilles,Ankle,Knee,,,,,,
Sheldon Richardson,DT,,,,,,,,,,,
Sheldrick Redwine,DB,,,,,,,,,,,
Shelton Gibson,WR,,,Ankle,,,,,,,,
Shemar Jean-Charles,DB,,,,,,,,,,,
Shi Smith,WR,,,,,,,,,,,
Shilique Calhoun,LB,Knee,,Neck,,Knee,,,,,,
Shon Coleman,OT,,,,Leg,,Triceps,,,,,
Siaki Ika,DT,,,,,,,,,,,
Sidney Jones,DB,,,,Achilles,,,,,,,
Sidy Sow,OG,,,,,,,,,,,
Simeon Thomas,DB,,,,,,,,,,,
Simi Fehoko,WR,,Shoulder,,,,,,,,,
Simon Stepaniak,OG,Knee,,,,,,,,,,
Sio Moore,LB,,Hip,,,,,,,,,
Sione Takitaki,LB,,,Shoulder,Knee,,,,,,,
SirVocea Dennis,LB,,,,,,,,,,,
Siran Neal,DB,,,,,,,,,,,
Skylar Thompson,QB,,,,,,,,,,,
Skyy Moore,WR,,Knee,,,,,,,,,
Snoop Conner,RB,,,,,,,,,,,
Solomon Kindley,OG,,,,,,,,,,,
Solomon Thomas,DE,,,,Knee,,,,,,,
Sony Michel,RB,,,Quadriceps,,,,,,,,
Spencer Anderson,OT,,,,,,,,,,,
Spencer Brown,OT,,,,,,,,,,,
Spencer Burford,OT,,,,,,,,,,,
Spencer Drango,OT,,,,,,,,,,,
Spencer Long,C,,,,Knee,,,,,,,
Spencer Ware,RB,Ankle,,,,Knee,,Abdomen,,,,
Stacy Coley,WR,,Hamstring,,,,,,,,,
Stacy McGee,DT,,,,,,Abdomen,,,,,
Stanley Jean-Baptiste,DB,,,Shoulder,,Forearm,,,,,,
Stansly Maponga,DE,,,,,,,,,,,
Stantley Thomas-Oliver,DB,,Toe,Thigh,,,,,,,,
Star Lotulelei,DT,,,,,,,,,,,
Stedman Bailey,WR,,,,,,,,,,,
Stefon Diggs,WR,,,,,,,,,,,
Stepfan Taylor,RB,,,,,,,,,,,
Stephen Denmark,DB,,,,,,,,,,,
Stephen Sullivan,TE,,,,Hip,,,,,,,
Stephen Weatherly,DE,,,,,Finger,,,,,,
Stephon Tuitt,DE,,,,,,Pectoral,,,,,
Stephone Anthony,LB,,Knee,,,,,,,,,
Sterling Hofrichter,P,,Undisclosed,,,,,,,,,
Sterling Shepard,WR,,,,,Toe,Achilles,Knee,,,,
Stetson Bennett,QB,,,,,,,,,,,
Steve Avila,OG,,,,,,,,,,,
Steve Beauharnais,LB,,,,,,,,,,,
Steve Williams,DB,Pectoral,,,,,,,,,,
Steven Daniels,LB,,,,,,,,,,,
Steven Means,LB,,,Groin,,,,,,Knee,Achilles,
Steven Nelson,DB,,,Abdomen,,,,,,,,
Stevie Tu'ikolovatu,DT,Knee,Triceps,,,,,,,,,
Stone Forsythe,OT,,,,,,,,,,,
Storm Johnson,RB,,,,,,,,,,,
Su'a Cravens,DB,,,Knee,,,,,,,,
Sutton Smith,RB,,,,,,,,,,,
Sydney Brown,DB,,,,,,,,,,,
Sylvester Williams,DT,,,,,,,,,,,
T.J. Brunson,LB,,Knee,,,,,,,,,
T.J. Carrie,DB,,,,,,,,Knee,,,
T.J. Clemmings,OT,,,Ankle,Knee,Quadriceps,,,,,,
T.J. Green,DB,,,Hamstring,,,,,,,,
T.J. Hockenson,TE,Ankle,,Hand,,Knee,,,,,,
T.J. Johnson,OG,,,,,Pectoral,,,,,,
T.J. Jones,WR,,,,Shoulder,,,,,,,
T.J. Logan,RB,Wrist,,Thumb,,,,,,,,
T.J. McDonald,DB,Leg,,Shoulder,,,,,,,,
T.J. Watt,LB,,,,,,Pectoral,,,,,
T.J. Yeldon,RB,,Ankle,,,,,,,,,
Ta'Quon Graham,DT,,Knee,,,,,,,,,
Taco Charlton,DE,,,,Ankle,,,Hamstring,,,,
Tae Crowder,LB,Hamstring,,,,,,,,,,
Tajae Sharpe,WR,,Foot,,,,,Ribs,,,,
Tajh Boyd,QB,,,,,,,,,,,
Takkarist McKinley,DE,,,Shoulder,Groin,Achilles,,,,,,
Talanoa Hufanga,DB,,,Knee,,,,,,,,
Tanner Hawkinson,OT,,,,,,,,,,,
Tanner Lee,QB,,,,,,,,,,,
Tanner McKee,QB,,,,,,,,,,,
Tanner Muse,LB,,,,Knee,,,,,,,
Tanner Vallejo,LB,,Hamstring,Ribs,,Knee,,,,,,
Tanoh Kpassagnon,DE,,,,,Ankle,,,,,,
Tanzel Smart,DT,,,,,,,,,,,
Tarell Basham,LB,,,,,,Thigh,,,,,
Tarik Cohen,RB,,,,Knee,,,,,,,
Tariq Carpenter,DB,,,,,,,,,,,
Tariq Castro-Fields,DB,Knee,Shoulder,,,,,,,,,
Tariq Woolen,DB,,,,,,,,,,,
Taron Johnson,DB,Shoulder,,,,,,,,,,
Tarron Jackson,DE,,,,,,,,,,,
Tarvarius Moore,DB,,,,,,Knee,,,,,
Taurean Nixon,DB,,,,,,,,,,,
Tavarres King,WR,,,,,Concussion,Leg,,,,,
Taven Bryan,DT,,,,,,,,,,,
Tavius Robinson,LB,,,,,,,,,,,
Tavon Austin,WR,,,,,,,,Knee,Quadriceps,,
Tavon Rooks,OT,,,,,,,,,,,
Tavon Young,DB,,,,,Knee,,,,,,
Tay Gowan,DB,,,Undisclosed,,,,,,,,
Taylor Decker,OT,,Shoulder,,,,Finger,,,,,
Taylor Hart,DE,,,,,,,,,,,
Taylor Lewan,OT,,,,,,,Knee,,Knee,,
Taylor Moton,OT,,,,,,,,,,,
Taylor Rapp,DB,,Knee,,,,,,,,,
Tayo Fabuluje,OT,,,,,,,,,,,
Taywan Taylor,WR,,,,Neck,Undisclosed,,,,,,
Teagan Quitoriano,TE,Knee,Groin,,,,,,,,,
Ted Bolser,TE,,,,,,,,,,,
Ted Karras,C,,,,,,,,,,,
Tedarrell Slaton,DT,,,,,,,,,,,
Teddy Bridgewater,QB,,,Knee,Knee,,,,Concussion,,,
Tedric Thompson,DB,,,Shoulder,,Leg,,,,,,
Tee Higgins,WR,,,,,,,,,,,
Telvin Smith,LB,,,,,,,,,,,
Temarrick Hemingway,TE,,Knee,,,Wrist,,,,,,
Terell Smith,DB,,,,,,,,,,,
Terrace Marshall,WR,Foot,,,,,,,,,,
Terrance Mitchell,DB,,,,,Wrist,,,,Hamstring,,
Terrance West,RB,,,,,,,,,,,
Terrance Williams,WR,,,,,,Foot,,,,,
Terrel Bernard,LB,,,,,,,,,,,
Terrell Burgess,DB,Ankle,,,,,,,,,,
Terrell Edmunds,DB,,,,,,,,,,,
Terrell Lewis,LB,,,,,,,,,,,
Terrence Brooks,DB,Knee,,,,,,,Chest,,,
Terrence Fede,DE,,,,,,,,,,,
Terron Armstead,OT,,,,Knee,,,,,,,Knee
Terry Beckner,DT,,,,,,,,,,,
Terry Godwin,WR,,,,,,,,,,,
Terry Hawthorne,DB,,,,,,,,,,,
Terry McLaurin,WR,,,,,,,,,,,
Terry Poole,OT,,Undisclosed,,,,,,,,,
Teven Jenkins,OG,Back,Neck,Leg,,,,,,,,
Tevin Coleman,RB,,,,,,Knee,,,,,
Tevin Mitchel,DB,,Hamstring,Abdomen,Undisclosed,,,,,,,
Tevin Reese,WR,,,,,,,,,,,
Thakarius Keyes,DB,,,,,,,,,,,
Tharold Simon,DB,,,Toe,,,,,,,,
Thayer Munford,OT,,,,,,,,,,,
Theo Jackson,DB,,,,,,,,,,,
Theo Riddick,RB,,,,Wrist,,,Shoulder,,,,
Thomas Booker,DT,,,,,,,,,,,
Thomas Duarte,TE,,,,,,,,,,,
Thomas Fletcher,LS,Hip,,,,,,,,,,
Thomas Graham,DB,,,Ankle,,,,,,,,
Tim Harris,DB,Groin,,Groin,,,,,,,,
Tim Settle,DT,,,,,,,,,,,
Tim Williams,LB,,,,,,,,,,,
Timmy Jernigan,DT,,,,,,,,,,,
Titus Leo,DE,Undisclosed,,,,,,,,,,
Todd Gurley,RB,,,,,,,,,,,
Tom Savage,QB,,Shoulder,,Concussion,,,,,,,
Tommy Bohanon,RB,,Clavicle,,,,,,,,,
Tommy Doyle,OT,,Knee,Knee,,,,,,,,
Tommy Stevens,QB,,,,,,,,,,,
Tommy Sweeney,TE,,,,,,,,,,,
Tommy Togiai,DT,,,,,,,,,,,
Tommy Tremble,TE,,,,,,,,,,,
Tony Fields,LB,,,,,,,,,,,
Tony Lippett,DB,,,,,,,,,,,
Tony Pollard,RB,,,,,,,,,,,
Tony Steward,LB,Back,,,,,,,,,,
Tourek Williams,LB,,,Foot,,,,,,,,
Trace McSorley,QB,,Knee,,,,,,,,,
Tracy Walker,DB,,,,,Achilles,,,,,,
Trae Waynes,DB,,,,,,,Hamstring,,,,
Trai Turner,OG,,,,,,,,,,,
Travin Howard,LB,Ankle,,,Hamstring,,,,,,,
Travis Bell,DT,,,,,,,,,,,
Travis Bond,OG,,,,,,,,,,,
Travis Etienne,RB,Foot,,,,,,,,,,
Travis Feeney,DL,,,,,,,,,,,
Travis Frederick,C,,,,,,,,,,,
Travis Fulgham,WR,,,,,,,,,,,
Travis Homer,RB,,Knee,,Ribs,,,,,,,
Travis Jones,DT,,,,,,,,,,,
Travis Kelce,TE,Knee,,,,,,,,,,
Travis Swanson,C,,Shoulder,,Concussion,,,,,,,
Travon Walker,LB,,,,,,,,,,,
Tray Walker,DB,,,,,,,,,,,
Trayveon Williams,RB,,,,,,,,,,,
Trayvon Mullen,DB,,,Foot,,,,,,,,
Tre Boston,DB,,,Knee,,,,,,,,
Tre Brown,DB,Knee,Knee,,,,,,,,,
Tre Flowers,DB,,,Hamstring,,,,,,,,
Tre Hawkins,DB,,,,,,,,,,,
Tre Mason,RB,,,,,,,,,,,
Tre McBride,WR,,,,,,,,,,,
Tre Nixon,WR,,,Shoulder,,,,,,,,
Tre Norwood,DB,,,,,,,,,,,
Tre Tucker,WR,,,,,,,,,,,
Tre' Jackson,OG,,,,,,,,,,,
Tre' McKitty,TE,,,,,,,,,,,
Tre'Davious White,DB,,,,,Knee,Knee,Achilles,,,,
Tre'Quan Smith,WR,,,Ankle,Hamstring,,Groin,,,,,
Tre'Vius Hodges-Tomlinson,DB,,,,,,,,,,,
Tre'von Moehrig,DB,,,,,,,,,,,
Tremaine Edmunds,LB,,,,,,,,,,,
Tremayne Anchrum,OG,,Knee,Ankle,,,,,,,,
Tremon Smith,DB,,,,,,,,,,,
Trent McDuffie,DB,Hamstring,,,,,,,,,,
Trent Murphy,DE,Hand,,,Knee,,,,,,,
Trent Taylor,WR,,,,,,,,,,,
Trenton Brown,OT,,,Shoulder,,Pectoral,,Calf,,,,
Trenton Cannon,RB,,Foot,,Concussion,Knee,,,,,,
Trenton Gill,P,,,,,,,,,,,
Trenton Simpson,LB,,,,,,,,,,,
Trestan Ebner,RB,,Concussion,,,,,,,,,
Treston Decoud,DB,,,,,,,,,,,
Trevardo Williams,DE,Knee,,,,,,,,,,
Trevis Gipson,LB,,,,,,,,,,,
Trevon Diggs,DB,Foot,,,Knee,,,,,,,
Trevon Wesco,TE,,Ankle,Knee,,,,,,,,
Trevon Young,DE,,Undisclosed,,,,,,,,,
Trevor Bates,LB,,,,,,,,,,,
Trevor Davis,WR,,,Hamstring,,,,,,,,
Trevor Lawrence,QB,,,,,,,,,,,
Trevor Penning,OT,Foot,,,,,,,,,,
Trevor Reilly,LB,,,Undisclosed,,,,,,,,
Trevor Siemian,QB,,,Shoulder,,Ankle,,,Oblique,,,
Trey Caldwell,DB,,,,,,,,,,,
Trey Flowers,DE,Undisclosed,,,,,Undisclosed,Knee,Foot,,,
Trey Hendrickson,DE,,,,,,,,,,,
Trey Hill,C,,,,,,,,,,,
Trey Lance,QB,,Ankle,,,,,,,,,
Trey McBride,TE,,,,,,,,,,,
Trey Millard,RB,,,Knee,,,,,,,,
Trey Palmer,WR,,,,,,,,,,,
Trey Pipkins,OT,,,,,,,,,,,
Trey Quinn,WR,Ankle,Concussion,,,,,,,,,
Trey Sermon,RB,Ankle,,Undisclosed,,,,,,,,
Trey Smith,OG,,,,,,,,,,,
Treylon Burks,WR,Toe,,,,,,,,,,
Treyvon Hester,DT,,,,,Back,,,,,,
Tristan Wirfs,OT,,,,,,,,,,,
Troy Andersen,LB,,Pectoral,,,,,,,,,
Troy Apke,DB,Hamstring,,,,,,,,,,
Troy Dye,LB,Foot,,,Wrist,,,,,,,
Troy Fumagalli,TE,,,Abdomen,Undisclosed,,,,,,,
Troy Niklas,TE,Ankle,,Wrist,,,,,,,,
Troy Pride,DB,Hip,Knee,,,,,,,,,
Trysten Hill,DT,,Knee,Knee,Knee,,,,,,,
Tua Tagovailoa,QB,,Ribs,,,,,,,,,
Tucker Kraft,TE,,,,,,,,,,,
Tuli Tuipulotu,LB,,,,,,,,,,,
Ty Chandler,RB,Thumb,,,,,,,,,,
Ty Johnson,RB,,,,,,,,,,,
Ty Montgomery,RB,Ankle,,Wrist,,,Hamstring,,Knee,,,
Ty Powell,LB,,,Knee,,,,,,,,
Ty Sambrailo,OT,Shoulder,,,,,Undisclosed,,,,,
Ty Summers,LB,,,Hamstring,,,,,,,,
Tycen Anderson,DB,Hamstring,Knee,,,,,,,,,
Tye Smith,DB,,,,,,Shoulder,,,,,
Tyeler Davison,DT,,,,,,,,,,,
Tyjae Spears,RB,,,,,,,,,,,
Tylan Wallace,WR,,Hamstring,Hamstring,,,,,,,,
Tyler Allgeier,RB,,,,,,,,,,,
Tyler Badie,RB,,,,,,,,,,,
Tyler Bass,K,,,,,,,,,,,
Tyler Biadasz,C,Hamstring,,,,,,,,,,
Tyler Boyd,WR,,,Knee,,,,,,,,
Tyler Conklin,TE,,,,,,,,,,,
Tyler Davis,TE,,,,Knee,,,,,,,
Tyler Eifert,TE,,Elbow,,Back,Back,Ankle,,,,,
Tyler Ervin,RB,,Knee,,,Ankle,,,,,,
Tyler Gaffney,RB,,,Foot,,,,,,,,
Tyler Higbee,TE,,,,,,Knee,,,,,
Tyler Johnson,WR,,,,,,,,,,,
Tyler Kroft,TE,,,,Foot,,,Chest,,,,
Tyler Lacy,DE,,,,,,,,,,,
Tyler Linderbaum,C,,,,,,,,,,,
Tyler Lockett,WR,,Leg,,,,,,,,,
Tyler Matakevich,LB,,,,,,,,,,,
Tyler Scott,WR,,,,,,,,,,,
Tyler Shelvin,DT,,,Undisclosed,,,,,,,,
Tyler Smith,OT,,,,,,,,,,,
Tyler Starr,LB,,,Undisclosed,,,,,,,,
Tyler Steen,OT,,,,,,,,,,,
Tyler Wilson,QB,,,,,,,,,,,
Tyquan Lewis,DE,Toe,,,Knee,Knee,,,,,,
Tyquan Thornton,WR,Clavicle,Shoulder,,,,,,,,,
Tyrann Mathieu,DB,Knee,,Knee,Shoulder,,,,,,,
Tyre Phillips,OT,Ankle,Knee,,Quadriceps,,,,,,,
Tyree Gillespie,DB,Hamstring,,Knee,,,,,,,,
Tyree Wilson,DE,,,,,,,,,,,
Tyreek Hill,WR,,,,,,,,,,,
Tyreke Smith,LB,,,,,,,,,,,
Tyrell Crosby,OT,,,,Undisclosed,,,,,,,
Tyrie Cleveland,WR,,,,Concussion,,,,,,,
Tyrion Davis-Price,RB,,,,,,,,,,,
Tyrique Stevenson,DB,,,,,,,,,,,
Tyrone Holmes,DE,,,,,,,,,,,
Tyrus Thompson,OT,Concussion,Undisclosed,Undisclosed,,,,,,,,
Tyson Campbell,DB,,,,,,,,,,,
Tytus Howard,OT,Knee,Concussion,,,Hand,,,,,,
Tyus Bowser,LB,,,,,,Achilles,,,,,
Uchenna Nwosu,LB,,,Knee,,,Pectoral,,,,,
Ugo Amadi,DB,,,,,,,,,,,
Ukeme Eligwe,LB,,,,,,,,,,,
Ulrick John,OT,Ankle,,Shoulder,,Foot,Undisclosed,,,,,
Ulysees Gilbert,LB,Back,Back,,Foot,,,,,,,
Vadal Alexander,OT,,,,,,,,,,,
Van Jefferson,WR,,,Knee,,,,,,,,
Vance McDonald,TE,,Back,,Shoulder,,,,,,,
Vederian Lowe,OT,,,,,,,,,,,
Velus Jones,WR,,,,,,,,,,,
Ventrell Miller,LB,Achilles,,,,,,,,,,
Vernon Butler,DT,,,,,,,,,,,
Vernon Hargreaves III,DB,,Hamstring,Shoulder,,,,,,,,
Vernon Scott,DB,,,Shoulder,,,,,,,,
Vic Beasley,DE,,,,,,,,,,,
Victor Dimukeje,LB,,,,,,,,,,,
Vince Biegel,LB,Foot,,,,Achilles,,,,,,
Vince Mayle,TE,,,,,Undisclosed,,,,,,
Vince Williams,LB,,,,,,,,,,,
Vincent Taylor,DT,Knee,Foot,,,Ankle,,,,,,
Vincent Valentine,DT,,Knee,,,,,,,,,
Vinnie Sunseri,DB,Arm,Leg,,,,,,,,,
Vinston Painter,OT,,,,,,,,,,,
Vita Vea,DT,,,Leg,,,,,,,,
Vonn Bell,DB,,,,,,,,,,,
Vosean Joseph,LB,Shoulder,,,,,,,,,,
Walker Little,OT,,,,,,,,,,,
Walt Aikens,DB,,,,,,,,,,,
Walter Powell,WR,,,Ankle,,,,,,,,
Wan'Dale Robinson,WR,Knee,,,,,,,,,,
Wanya Morris,OT,,,,,,,,,,,
Warren McClendon,OT,,,,,,,,,,,
Wayne Gallman,RB,,,,,,,,,,,
Wendell Smallwood,RB,Knee,,,,,,,,,,
Wes Martin,OG,,,,,,,,,,,
Wes Schweitzer,C,,,,,,Ankle,Concussion,Calf,,,
Wesley Johnson,C,,,,,,,,,,,
Weston Richburg,C,,,,Concussion,,Knee,,,,,
Will Anderson,DE,,,,,,,,,,,
Will Clarke,DE,,,,,,,,,,,
Will Davis,DB,,Knee,Knee,,,,,,,,
Will Dissly,TE,Knee,Achilles,,,Knee,,,,,,
Will Fries,OG,,,,,,,,,,,
Will Fuller,WR,,,Knee,,,Finger,,,,,
Will Grier,QB,,,Knee,,,,,,,,
Will Hernandez,OG,,,,,Pectoral,,,,,,
Will Holden,OT,,,,,,,,,,,
Will Levis,QB,,,,,,,,,,,
Will Mallory,TE,,,,,,,,,,,
Will McDonald,LB,,,,,,,,,,,
Will Redmond,DB,Knee,Ankle,Shoulder,,,Toe,,,,,
Will Richardson,OT,Knee,,,Finger,,,,,,,
Will Smith,LB,,,,,,,,,,,
Will Sutton,DT,,,Ankle,,,,,,,,
William Bradley-King,DE,,,,,,,,,,,
William Campbell,OG,,,,,,,,,,,
William Clapp,C,,,,Undisclosed,,Knee,,,,,
William Gholston,DE,,,,,,,,,,,
William Harris,DB,,,,,,,,,,,
William Jackson,DB,,,,Shoulder,,,Back,,,,
William Parks,DB,,,,,Hamstring,,,,,,
William Sherman,OT,,,,,,,,,,,
Willie Beavers,OT,,,,,,,Undisclosed,,,,
Willie Gay,LB,Knee,Toe,,,,,,,,,
Willie Henry,DT,Undisclosed,,Hernia,,,,,,,,
Wyatt Davis,OG,,,Ankle,,,,,,,,
Wyatt Hubert,DE,,,,,,,,,,,
Wyatt Teller,OG,,,,,,,,,,,
Xavien Howard,DB,,,,Knee,,,,,,,
Xavier Cooper,DT,,,,,,,,,,,
Xavier Crawford,DB,,,Concussion,,,,,,,,
Xavier Hutchinson,WR,,,,,,,,,,,
Xavier McKinney,DB,Foot,,,,,,,,,,
Xavier Rhodes,DB,,,,,,,,,,,
Xavier Su'a-Filo,OG,,,,,,Leg,Ankle,Knee,,,
Xavier Woods,DB,,,,,,,,,,,
Xzavier Dickson,LB,,,,,,,,,,,
YaYa Diaby,LB,,,,,,,,,,,
Yannick Ngakoue,DE,,,,,,,Throat,Ankle,,,
Yasir Abdullah,LB,,,,,,,,,,,
Yawin Smallwood,LB,,Undisclosed,,,,,,,,,
Yetur Gross-Matos,DE,Ankle,,,Hamstring,,,,,,,
Yodny Cajuste,OT,,,,Thumb,,,,,,,
Za'Darius Smith,DE,,,,,,,Back,,,,
Zac Brooks,RB,,,,,,,,,,,
Zac Dysert,QB,,,,,,,,,,,
Zac Stacy,RB,,,Ankle,,,,,,,,
Zacch Pickens,DT,,,,,,,,,,,
Zach Allen,DE,Neck,Ankle,,,,,,,,,
Zach Banner,OT,,,,Knee,Knee,,,,,,
Zach Charbonnet,RB,,,,,,,,,,,
Zach Cunningham,LB,,,,,,Elbow,,,,,
Zach Davidson,TE,,,,,,,,,,,
Zach Ertz,TE,,,,,,,,Ankle,,Knee,Quadriceps
Zach Evans,RB,,,,,,,,,,,
Zach Fulton,OG,,,,,,,,,,,
Zach Gentry,TE,,Knee,,,,,,,,,
Zach Harrison,DE,,,,,,,,,,,
Zach Hocker,K,,,,,,,,,,,
Zach Mettenberger,QB,,,,,,,,,,,
Zach Moore,DE,,,,,,,,,,,
Zach Sieler,DT,,,,,,,,,,,
Zach Tom,C,,,,,,,,,,,
Zach Wilson,QB,,,Concussion,,,,,,,,
Zachary Carter,DT,,,,,,,,,,,
Zachary Thomas,OT,,,,,,,,,,,
Zack Baun,LB,,,Ankle,,,,,,,,
Zack Kuntz,TE,,,,,,,,,,,
Zack Martin,OG,,,,,,,Calf,,,,
Zack Moss,RB,Ankle,,,,,,,,,,
Zack Sanchez,DB,Groin,Groin,,,,,,,,,
Zaire Barnes,LB,Hamstring,,,,,,,,,,
Zaire Franklin,LB,,,,,,,,,,,
Zamir White,RB,,,,,,,,,,,
Zane Gonzalez,K,,,,Back,Quadriceps,Groin,Calf,,,,
Zaven Collins,LB,,,,,,,,,,,
Zaviar Gooden,LB,,,Hamstring,,,,,,,,
Zay Flowers,WR,,,,,,,,,,,
Zay Jones,WR,,,,,,,,,,,
Zech McPhearson,DB,,,Achilles,,,,,,,,
Zeke Motta,DB,Neck,,,,,,,,,,
Zion Johnson,OG,,,,,,,,,,,
Zyon McCollum,DB,,,,,,,,,,,
